Time (s), AccelRight Value, Time (s), AccelLeft Value
0.000000,-0.487513, 0.000000,-0.343435
0.000500,-0.475303, 0.000500,-0.338550
0.001000,-0.382506, 0.001000,-0.355644
0.001500,-0.504607, 0.001500,-0.375180
0.002000,-0.543679, 0.002000,-0.338550
0.002500,-0.409368, 0.002500,-0.345876
0.003000,-0.424020, 0.003000,-0.353202
0.003500,-0.526584, 0.003500,-0.350760
0.004000,-0.509491, 0.004000,-0.348318
0.004500,-0.433789, 0.004500,-0.331224
0.005000,-0.426463, 0.005000,-0.319014
0.005500,-0.516816, 0.005500,-0.336109
0.006000,-0.489955, 0.006000,-0.331224
0.006500,-0.460650, 0.006500,-0.331224
0.007000,-0.470419, 0.007000,-0.316573
0.007500,-0.475303, 0.007500,-0.319014
0.008000,-0.416694, 0.008000,-0.372739
0.008500,-0.436230, 0.008500,-0.328783
0.009000,-0.450883, 0.009000,-0.328783
0.009500,-0.455767, 0.009500,-0.331224
0.010000,-0.433789, 0.010000,-0.345876
0.010500,-0.433789, 0.010500,-0.370296
0.011000,-0.424020, 0.011000,-0.370296
0.011500,-0.470419, 0.011500,-0.362970
0.012000,-0.514374, 0.012000,-0.358086
0.012500,-0.502165, 0.012500,-0.375180
0.013000,-0.511933, 0.013000,-0.365413
0.013500,-0.536353, 0.013500,-0.348318
0.014000,-0.492396, 0.014000,-0.333666
0.014500,-0.489955, 0.014500,-0.316573
0.015000,-0.494839, 0.015000,-0.306804
0.015500,-0.472860, 0.015500,-0.297036
0.016000,-0.470419, 0.016000,-0.301920
0.016500,-0.455767, 0.016500,-0.297036
0.017000,-0.421579, 0.017000,-0.306804
0.017500,-0.475303, 0.017500,-0.350760
0.018000,-0.411810, 0.018000,-0.338550
0.018500,-0.455767, 0.018500,-0.350760
0.019000,-0.433789, 0.019000,-0.367854
0.019500,-0.487513, 0.019500,-0.360528
0.020000,-0.441115, 0.020000,-0.350760
0.020500,-0.392275, 0.020500,-0.365413
0.021000,-0.389833, 0.021000,-0.387390
0.021500,-0.497281, 0.021500,-0.358086
0.022000,-0.492396, 0.022000,-0.355644
0.022500,-0.538795, 0.022500,-0.336109
0.023000,-0.538795, 0.023000,-0.333666
0.023500,-0.529026, 0.023500,-0.319014
0.024000,-0.507049, 0.024000,-0.328783
0.024500,-0.519259, 0.024500,-0.319014
0.025000,-0.472860, 0.025000,-0.272616
0.025500,-0.458209, 0.025500,-0.299478
0.026000,-0.453325, 0.026000,-0.304362
0.026500,-0.409368, 0.026500,-0.316573
0.027000,-0.467976, 0.027000,-0.328783
0.027500,-0.406926, 0.027500,-0.331224
0.028000,-0.372739, 0.028000,-0.353202
0.028500,-0.485070, 0.028500,-0.387390
0.029000,-0.485070, 0.029000,-0.336109
0.029500,-0.497281, 0.029500,-0.360528
0.030000,-0.404484, 0.030000,-0.365413
0.030500,-0.380064, 0.030500,-0.370296
0.031000,-0.480186, 0.031000,-0.362970
0.031500,-0.497281, 0.031500,-0.343435
0.032000,-0.541236, 0.032000,-0.333666
0.032500,-0.570540, 0.032500,-0.323899
0.033000,-0.524143, 0.033000,-0.328783
0.033500,-0.514374, 0.033500,-0.338550
0.034000,-0.533910, 0.034000,-0.314130
0.034500,-0.511933, 0.034500,-0.282384
0.035000,-0.487513, 0.035000,-0.289710
0.035500,-0.399601, 0.035500,-0.306804
0.036000,-0.426463, 0.036000,-0.348318
0.036500,-0.458209, 0.036500,-0.348318
0.037000,-0.350760, 0.037000,-0.355644
0.037500,-0.358086, 0.037500,-0.367854
0.038000,-0.497281, 0.038000,-0.402043
0.038500,-0.450883, 0.038500,-0.416694
0.039000,-0.455767, 0.039000,-0.384949
0.039500,-0.399601, 0.039500,-0.372739
0.040000,-0.428904, 0.040000,-0.375180
0.040500,-0.519259, 0.040500,-0.367854
0.041000,-0.582750, 0.041000,-0.370296
0.041500,-0.575424, 0.041500,-0.267733
0.042000,-0.543679, 0.042000,-0.309246
0.042500,-0.502165, 0.042500,-0.314130
0.043000,-0.504607, 0.043000,-0.304362
0.043500,-0.504607, 0.043500,-0.289710
0.044000,-0.499723, 0.044000,-0.289710
0.044500,-0.406926, 0.044500,-0.292152
0.045000,-0.397159, 0.045000,-0.314130
0.045500,-0.433789, 0.045500,-0.355644
0.046000,-0.372739, 0.046000,-0.382506
0.046500,-0.323899, 0.046500,-0.380064
0.047000,-0.475303, 0.047000,-0.399601
0.047500,-0.467976, 0.047500,-0.426463
0.048000,-0.402043, 0.048000,-0.394716
0.048500,-0.524143, 0.048500,-0.392275
0.049000,-0.370296, 0.049000,-0.331224
0.049500,-0.585193, 0.049500,-0.348318
0.050000,-0.546121, 0.050000,-0.328783
0.050500,-0.580309, 0.050500,-0.311688
0.051000,-0.546121, 0.051000,-0.253080
0.051500,-0.509491, 0.051500,-0.289710
0.052000,-0.494839, 0.052000,-0.294594
0.052500,-0.489955, 0.052500,-0.289710
0.053000,-0.475303, 0.053000,-0.304362
0.053500,-0.431346, 0.053500,-0.301920
0.054000,-0.424020, 0.054000,-0.328783
0.054500,-0.353202, 0.054500,-0.389833
0.055000,-0.309246, 0.055000,-0.397159
0.055500,-0.438673, 0.055500,-0.404484
0.056000,-0.460650, 0.056000,-0.402043
0.056500,-0.507049, 0.056500,-0.409368
0.057000,-0.348318, 0.057000,-0.409368
0.057500,-0.511933, 0.057500,-0.416694
0.058000,-0.465534, 0.058000,-0.355644
0.058500,-0.577866, 0.058500,-0.321456
0.059000,-0.538795, 0.059000,-0.289710
0.059500,-0.582750, 0.059500,-0.282384
0.060000,-0.536353, 0.060000,-0.262848
0.060500,-0.426463, 0.060500,-0.275058
0.061000,-0.467976, 0.061000,-0.292152
0.061500,-0.445999, 0.061500,-0.284826
0.062000,-0.497281, 0.062000,-0.297036
0.062500,-0.319014, 0.062500,-0.343435
0.063000,-0.353202, 0.063000,-0.397159
0.063500,-0.460650, 0.063500,-0.416694
0.064000,-0.470419, 0.064000,-0.414253
0.064500,-0.433789, 0.064500,-0.404484
0.065000,-0.362970, 0.065000,-0.404484
0.065500,-0.548563, 0.065500,-0.409368
0.066000,-0.489955, 0.066000,-0.375180
0.066500,-0.538795, 0.066500,-0.336109
0.067000,-0.558331, 0.067000,-0.319014
0.067500,-0.575424, 0.067500,-0.301920
0.068000,-0.514374, 0.068000,-0.304362
0.068500,-0.470419, 0.068500,-0.289710
0.069000,-0.463093, 0.069000,-0.267733
0.069500,-0.485070, 0.069500,-0.270174
0.070000,-0.362970, 0.070000,-0.319014
0.070500,-0.328783, 0.070500,-0.360528
0.071000,-0.433789, 0.071000,-0.375180
0.071500,-0.480186, 0.071500,-0.377623
0.072000,-0.411810, 0.072000,-0.392275
0.072500,-0.411810, 0.072500,-0.406926
0.073000,-0.536353, 0.073000,-0.399601
0.073500,-0.504607, 0.073500,-0.389833
0.074000,-0.531469, 0.074000,-0.358086
0.074500,-0.582750, 0.074500,-0.328783
0.075000,-0.524143, 0.075000,-0.301920
0.075500,-0.511933, 0.075500,-0.297036
0.076000,-0.509491, 0.076000,-0.294594
0.076500,-0.489955, 0.076500,-0.270174
0.077000,-0.445999, 0.077000,-0.299478
0.077500,-0.301920, 0.077500,-0.328783
0.078000,-0.392275, 0.078000,-0.365413
0.078500,-0.458209, 0.078500,-0.372739
0.079000,-0.453325, 0.079000,-0.372739
0.079500,-0.358086, 0.079500,-0.392275
0.080000,-0.426463, 0.080000,-0.409368
0.080500,-0.551005, 0.080500,-0.411810
0.081000,-0.499723, 0.081000,-0.348318
0.081500,-0.590076, 0.081500,-0.316573
0.082000,-0.538795, 0.082000,-0.284826
0.082500,-0.533910, 0.082500,-0.289710
0.083000,-0.555889, 0.083000,-0.287269
0.083500,-0.460650, 0.083500,-0.265290
0.084000,-0.504607, 0.084000,-0.270174
0.084500,-0.287269, 0.084500,-0.309246
0.085000,-0.384949, 0.085000,-0.375180
0.085500,-0.455767, 0.085500,-0.358086
0.086000,-0.424020, 0.086000,-0.392275
0.086500,-0.406926, 0.086500,-0.389833
0.087000,-0.382506, 0.087000,-0.416694
0.087500,-0.489955, 0.087500,-0.416694
0.088000,-0.543679, 0.088000,-0.394716
0.088500,-0.563215, 0.088500,-0.304362
0.089000,-0.560773, 0.089000,-0.304362
0.089500,-0.524143, 0.089500,-0.319014
0.090000,-0.543679, 0.090000,-0.319014
0.090500,-0.543679, 0.090500,-0.277500
0.091000,-0.406926, 0.091000,-0.270174
0.091500,-0.319014, 0.091500,-0.275058
0.092000,-0.433789, 0.092000,-0.321456
0.092500,-0.465534, 0.092500,-0.367854
0.093000,-0.380064, 0.093000,-0.377623
0.093500,-0.399601, 0.093500,-0.389833
0.094000,-0.438673, 0.094000,-0.402043
0.094500,-0.526584, 0.094500,-0.426463
0.095000,-0.555889, 0.095000,-0.384949
0.095500,-0.516816, 0.095500,-0.338550
0.096000,-0.526584, 0.096000,-0.323899
0.096500,-0.514374, 0.096500,-0.340993
0.097000,-0.529026, 0.097000,-0.294594
0.097500,-0.475303, 0.097500,-0.265290
0.098000,-0.289710, 0.098000,-0.275058
0.098500,-0.455767, 0.098500,-0.284826
0.099000,-0.485070, 0.099000,-0.338550
0.099500,-0.402043, 0.099500,-0.353202
0.100000,-0.370296, 0.100000,-0.358086
0.100500,-0.438673, 0.100500,-0.367854
0.101000,-0.504607, 0.101000,-0.458209
0.101500,-0.558331, 0.101500,-0.377623
0.102000,-0.514374, 0.102000,-0.336109
0.102500,-0.538795, 0.102500,-0.340993
0.103000,-0.526584, 0.103000,-0.355644
0.103500,-0.533910, 0.103500,-0.311688
0.104000,-0.431346, 0.104000,-0.314130
0.104500,-0.267733, 0.104500,-0.294594
0.105000,-0.458209, 0.105000,-0.314130
0.105500,-0.504607, 0.105500,-0.348318
0.106000,-0.404484, 0.106000,-0.382506
0.106500,-0.389833, 0.106500,-0.360528
0.107000,-0.475303, 0.107000,-0.392275
0.107500,-0.565657, 0.107500,-0.384949
0.108000,-0.521700, 0.108000,-0.353202
0.108500,-0.504607, 0.108500,-0.319014
0.109000,-0.543679, 0.109000,-0.333666
0.109500,-0.487513, 0.109500,-0.309246
0.110000,-0.585193, 0.110000,-0.311688
0.110500,-0.260406, 0.110500,-0.304362
0.111000,-0.387390, 0.111000,-0.301920
0.111500,-0.441115, 0.111500,-0.323899
0.112000,-0.470419, 0.112000,-0.365413
0.112500,-0.360528, 0.112500,-0.389833
0.113000,-0.414253, 0.113000,-0.360528
0.113500,-0.536353, 0.113500,-0.402043
0.114000,-0.577866, 0.114000,-0.392275
0.114500,-0.519259, 0.114500,-0.345876
0.115000,-0.551005, 0.115000,-0.316573
0.115500,-0.538795, 0.115500,-0.326340
0.116000,-0.577866, 0.116000,-0.297036
0.116500,-0.350760, 0.116500,-0.282384
0.117000,-0.311688, 0.117000,-0.289710
0.117500,-0.441115, 0.117500,-0.309246
0.118000,-0.494839, 0.118000,-0.328783
0.118500,-0.340993, 0.118500,-0.365413
0.119000,-0.375180, 0.119000,-0.370296
0.119500,-0.541236, 0.119500,-0.389833
0.120000,-0.585193, 0.120000,-0.387390
0.120500,-0.514374, 0.120500,-0.380064
0.121000,-0.560773, 0.121000,-0.358086
0.121500,-0.533910, 0.121500,-0.331224
0.122000,-0.592519, 0.122000,-0.319014
0.122500,-0.331224, 0.122500,-0.316573
0.123000,-0.336109, 0.123000,-0.316573
0.123500,-0.443556, 0.123500,-0.304362
0.124000,-0.494839, 0.124000,-0.321456
0.124500,-0.399601, 0.124500,-0.314130
0.125000,-0.384949, 0.125000,-0.384949
0.125500,-0.543679, 0.125500,-0.387390
0.126000,-0.585193, 0.126000,-0.387390
0.126500,-0.516816, 0.126500,-0.365413
0.127000,-0.553447, 0.127000,-0.358086
0.127500,-0.555889, 0.127500,-0.323899
0.128000,-0.558331, 0.128000,-0.316573
0.128500,-0.214008, 0.128500,-0.309246
0.129000,-0.411810, 0.129000,-0.304362
0.129500,-0.431346, 0.129500,-0.292152
0.130000,-0.463093, 0.130000,-0.321456
0.130500,-0.316573, 0.130500,-0.348318
0.131000,-0.470419, 0.131000,-0.375180
0.131500,-0.612055, 0.131500,-0.392275
0.132000,-0.551005, 0.132000,-0.387390
0.132500,-0.541236, 0.132500,-0.389833
0.133000,-0.558331, 0.133000,-0.350760
0.133500,-0.575424, 0.133500,-0.316573
0.134000,-0.389833, 0.134000,-0.360528
0.134500,-0.233544, 0.134500,-0.306804
0.135000,-0.397159, 0.135000,-0.275058
0.135500,-0.475303, 0.135500,-0.294594
0.136000,-0.380064, 0.136000,-0.314130
0.136500,-0.321456, 0.136500,-0.370296
0.137000,-0.558331, 0.137000,-0.382506
0.137500,-0.619381, 0.137500,-0.392275
0.138000,-0.538795, 0.138000,-0.382506
0.138500,-0.575424, 0.138500,-0.375180
0.139000,-0.599845, 0.139000,-0.331224
0.139500,-0.509491, 0.139500,-0.309246
0.140000,-0.165168, 0.140000,-0.284826
0.140500,-0.419136, 0.140500,-0.284826
0.141000,-0.424020, 0.141000,-0.287269
0.141500,-0.402043, 0.141500,-0.331224
0.142000,-0.279943, 0.142000,-0.340993
0.142500,-0.524143, 0.142500,-0.397159
0.143000,-0.634033, 0.143000,-0.409368
0.143500,-0.548563, 0.143500,-0.416694
0.144000,-0.585193, 0.144000,-0.399601
0.144500,-0.636475, 0.144500,-0.353202
0.145000,-0.538795, 0.145000,-0.331224
0.145500,-0.182262, 0.145500,-0.282384
0.146000,-0.433789, 0.146000,-0.253080
0.146500,-0.445999, 0.146500,-0.270174
0.147000,-0.377623, 0.147000,-0.301920
0.147500,-0.265290, 0.147500,-0.326340
0.148000,-0.536353, 0.148000,-0.389833
0.148500,-0.604729, 0.148500,-0.406926
0.149000,-0.558331, 0.149000,-0.406926
0.149500,-0.597403, 0.149500,-0.404484
0.150000,-0.656011, 0.150000,-0.365413
0.150500,-0.409368, 0.150500,-0.345876
0.151000,-0.216450, 0.151000,-0.311688
0.151500,-0.411810, 0.151500,-0.260406
0.152000,-0.448441, 0.152000,-0.270174
0.152500,-0.316573, 0.152500,-0.289710
0.153000,-0.287269, 0.153000,-0.333666
0.153500,-0.582750, 0.153500,-0.372739
0.154000,-0.607171, 0.154000,-0.392275
0.154500,-0.592519, 0.154500,-0.414253
0.155000,-0.629149, 0.155000,-0.375180
0.155500,-0.692641, 0.155500,-0.343435
0.156000,-0.243312, 0.156000,-0.348318
0.156500,-0.360528, 0.156500,-0.277500
0.157000,-0.424020, 0.157000,-0.231103
0.157500,-0.387390, 0.157500,-0.257964
0.158000,-0.270174, 0.158000,-0.282384
0.158500,-0.404484, 0.158500,-0.350760
0.159000,-0.597403, 0.159000,-0.382506
0.159500,-0.582750, 0.159500,-0.389833
0.160000,-0.565657, 0.160000,-0.411810
0.160500,-0.729271, 0.160500,-0.384949
0.161000,-0.536353, 0.161000,-0.375180
0.161500,-0.199356, 0.161500,-0.340993
0.162000,-0.433789, 0.162000,-0.277500
0.162500,-0.504607, 0.162500,-0.270174
0.163000,-0.270174, 0.163000,-0.265290
0.163500,-0.277500, 0.163500,-0.292152
0.164000,-0.570540, 0.164000,-0.304362
0.164500,-0.575424, 0.164500,-0.362970
0.165000,-0.529026, 0.165000,-0.389833
0.165500,-0.660895, 0.165500,-0.387390
0.166000,-0.682873, 0.166000,-0.372739
0.166500,-0.192030, 0.166500,-0.387390
0.167000,-0.416694, 0.167000,-0.309246
0.167500,-0.507049, 0.167500,-0.265290
0.168000,-0.299478, 0.168000,-0.289710
0.168500,-0.270174, 0.168500,-0.287269
0.169000,-0.514374, 0.169000,-0.340993
0.169500,-0.565657, 0.169500,-0.360528
0.170000,-0.587635, 0.170000,-0.380064
0.170500,-0.631590, 0.170500,-0.384949
0.171000,-0.743923, 0.171000,-0.387390
0.171500,-0.238428, 0.171500,-0.382506
0.172000,-0.399601, 0.172000,-0.343435
0.172500,-0.492396, 0.172500,-0.284826
0.173000,-0.394716, 0.173000,-0.304362
0.173500,-0.238428, 0.173500,-0.279943
0.174000,-0.485070, 0.174000,-0.348318
0.174500,-0.504607, 0.174500,-0.382506
0.175000,-0.553447, 0.175000,-0.360528
0.175500,-0.612055, 0.175500,-0.367854
0.176000,-0.717061, 0.176000,-0.370296
0.176500,-0.245754, 0.176500,-0.387390
0.177000,-0.426463, 0.177000,-0.345876
0.177500,-0.494839, 0.177500,-0.294594
0.178000,-0.463093, 0.178000,-0.294594
0.178500,-0.204240, 0.178500,-0.260406
0.179000,-0.529026, 0.179000,-0.348318
0.179500,-0.502165, 0.179500,-0.380064
0.180000,-0.514374, 0.180000,-0.384949
0.180500,-0.631590, 0.180500,-0.362970
0.181000,-0.677989, 0.181000,-0.355644
0.181500,-0.189588, 0.181500,-0.382506
0.182000,-0.463093, 0.182000,-0.350760
0.182500,-0.551005, 0.182500,-0.309246
0.183000,-0.365413, 0.183000,-0.304362
0.183500,-0.206682, 0.183500,-0.265290
0.184000,-0.631590, 0.184000,-0.353202
0.184500,-0.507049, 0.184500,-0.362970
0.185000,-0.502165, 0.185000,-0.367854
0.185500,-0.687756, 0.185500,-0.333666
0.186000,-0.424020, 0.186000,-0.362970
0.186500,-0.272616, 0.186500,-0.365413
0.187000,-0.362970, 0.187000,-0.340993
0.187500,-0.677989, 0.187500,-0.331224
0.188000,-0.177378, 0.188000,-0.301920
0.188500,-0.360528, 0.188500,-0.301920
0.189000,-0.631590, 0.189000,-0.389833
0.189500,-0.465534, 0.189500,-0.397159
0.190000,-0.597403, 0.190000,-0.353202
0.190500,-0.709735, 0.190500,-0.333666
0.191000,-0.160284, 0.191000,-0.367854
0.191500,-0.443556, 0.191500,-0.340993
0.192000,-0.433789, 0.192000,-0.314130
0.192500,-0.548563, 0.192500,-0.314130
0.193000,-0.128538, 0.193000,-0.272616
0.193500,-0.624265, 0.193500,-0.333666
0.194000,-0.533910, 0.194000,-0.384949
0.194500,-0.482629, 0.194500,-0.362970
0.195000,-0.707293, 0.195000,-0.321456
0.195500,-0.394716, 0.195500,-0.343435
0.196000,-0.304362, 0.196000,-0.345876
0.196500,-0.319014, 0.196500,-0.338550
0.197000,-0.682873, 0.197000,-0.355644
0.197500,-0.135864, 0.197500,-0.287269
0.198000,-0.436230, 0.198000,-0.299478
0.198500,-0.658453, 0.198500,-0.384949
0.199000,-0.402043, 0.199000,-0.414253
0.199500,-0.677989, 0.199500,-0.353202
0.200000,-0.612055, 0.200000,-0.323899
0.200500,-0.216450, 0.200500,-0.336109
0.201000,-0.419136, 0.201000,-0.326340
0.201500,-0.651127, 0.201500,-0.345876
0.202000,-0.250638, 0.202000,-0.309246
0.202500,-0.309246, 0.202500,-0.267733
0.203000,-0.692641, 0.203000,-0.348318
0.203500,-0.389833, 0.203500,-0.402043
0.204000,-0.624265, 0.204000,-0.353202
0.204500,-0.680431, 0.204500,-0.338550
0.205000,-0.179820, 0.205000,-0.345876
0.205500,-0.465534, 0.205500,-0.331224
0.206000,-0.597403, 0.206000,-0.336109
0.206500,-0.370296, 0.206500,-0.362970
0.207000,-0.272616, 0.207000,-0.316573
0.207500,-0.697525, 0.207500,-0.319014
0.208000,-0.399601, 0.208000,-0.402043
0.208500,-0.590076, 0.208500,-0.350760
0.209000,-0.682873, 0.209000,-0.314130
0.209500,-0.199356, 0.209500,-0.328783
0.210000,-0.445999, 0.210000,-0.316573
0.210500,-0.580309, 0.210500,-0.331224
0.211000,-0.404484, 0.211000,-0.355644
0.211500,-0.250638, 0.211500,-0.309246
0.212000,-0.717061, 0.212000,-0.326340
0.212500,-0.365413, 0.212500,-0.382506
0.213000,-0.587635, 0.213000,-0.362970
0.213500,-0.680431, 0.213500,-0.309246
0.214000,-0.206682, 0.214000,-0.323899
0.214500,-0.406926, 0.214500,-0.331224
0.215000,-0.651127, 0.215000,-0.348318
0.215500,-0.326340, 0.215500,-0.348318
0.216000,-0.292152, 0.216000,-0.311688
0.216500,-0.743923, 0.216500,-0.338550
0.217000,-0.345876, 0.217000,-0.394716
0.217500,-0.614497, 0.217500,-0.365413
0.218000,-0.621823, 0.218000,-0.321456
0.218500,-0.221334, 0.218500,-0.294594
0.219000,-0.316573, 0.219000,-0.301920
0.219500,-0.756133, 0.219500,-0.348318
0.220000,-0.165168, 0.220000,-0.345876
0.220500,-0.392275, 0.220500,-0.297036
0.221000,-0.692641, 0.221000,-0.345876
0.221500,-0.343435, 0.221500,-0.382506
0.222000,-0.636475, 0.222000,-0.338550
0.222500,-0.441115, 0.222500,-0.319014
0.223000,-0.321456, 0.223000,-0.301920
0.223500,-0.375180, 0.223500,-0.301920
0.224000,-0.712177, 0.224000,-0.375180
0.224500,-0.174936, 0.224500,-0.340993
0.225000,-0.587635, 0.225000,-0.333666
0.225500,-0.492396, 0.225500,-0.382506
0.226000,-0.489955, 0.226000,-0.380064
0.226500,-0.624265, 0.226500,-0.345876
0.227000,-0.240870, 0.227000,-0.331224
0.227500,-0.375180, 0.227500,-0.311688
0.228000,-0.704851, 0.228000,-0.345876
0.228500,-0.275058, 0.228500,-0.360528
0.229000,-0.360528, 0.229000,-0.328783
0.229500,-0.677989, 0.229500,-0.333666
0.230000,-0.336109, 0.230000,-0.389833
0.230500,-0.624265, 0.230500,-0.348318
0.231000,-0.448441, 0.231000,-0.333666
0.231500,-0.306804, 0.231500,-0.321456
0.232000,-0.424020, 0.232000,-0.314130
0.232500,-0.670663, 0.232500,-0.355644
0.233000,-0.216450, 0.233000,-0.331224
0.233500,-0.568099, 0.233500,-0.304362
0.234000,-0.445999, 0.234000,-0.367854
0.234500,-0.533910, 0.234500,-0.377623
0.235000,-0.572983, 0.235000,-0.328783
0.235500,-0.250638, 0.235500,-0.338550
0.236000,-0.326340, 0.236000,-0.299478
0.236500,-0.768343, 0.236500,-0.360528
0.237000,-0.253080, 0.237000,-0.362970
0.237500,-0.467976, 0.237500,-0.340993
0.238000,-0.582750, 0.238000,-0.336109
0.238500,-0.445999, 0.238500,-0.367854
0.239000,-0.602287, 0.239000,-0.333666
0.239500,-0.267733, 0.239500,-0.340993
0.240000,-0.319014, 0.240000,-0.299478
0.240500,-0.729271, 0.240500,-0.345876
0.241000,-0.287269, 0.241000,-0.353202
0.241500,-0.409368, 0.241500,-0.333666
0.242000,-0.590076, 0.242000,-0.316573
0.242500,-0.409368, 0.242500,-0.358086
0.243000,-0.577866, 0.243000,-0.350760
0.243500,-0.292152, 0.243500,-0.348318
0.244000,-0.319014, 0.244000,-0.323899
0.244500,-0.717061, 0.244500,-0.338550
0.245000,-0.314130, 0.245000,-0.392275
0.245500,-0.409368, 0.245500,-0.338550
0.246000,-0.548563, 0.246000,-0.326340
0.246500,-0.414253, 0.246500,-0.360528
0.247000,-0.568099, 0.247000,-0.348318
0.247500,-0.301920, 0.247500,-0.336109
0.248000,-0.321456, 0.248000,-0.304362
0.248500,-0.726829, 0.248500,-0.333666
0.249000,-0.319014, 0.249000,-0.355644
0.249500,-0.416694, 0.249500,-0.345876
0.250000,-0.590076, 0.250000,-0.382506
0.250500,-0.428904, 0.250500,-0.345876
0.251000,-0.575424, 0.251000,-0.355644
0.251500,-0.289710, 0.251500,-0.348318
0.252000,-0.311688, 0.252000,-0.321456
0.252500,-0.743923, 0.252500,-0.323899
0.253000,-0.331224, 0.253000,-0.375180
0.253500,-0.436230, 0.253500,-0.358086
0.254000,-0.572983, 0.254000,-0.333666
0.254500,-0.448441, 0.254500,-0.350760
0.255000,-0.572983, 0.255000,-0.333666
0.255500,-0.272616, 0.255500,-0.328783
0.256000,-0.336109, 0.256000,-0.306804
0.256500,-0.717061, 0.256500,-0.333666
0.257000,-0.333666, 0.257000,-0.345876
0.257500,-0.458209, 0.257500,-0.345876
0.258000,-0.511933, 0.258000,-0.355644
0.258500,-0.472860, 0.258500,-0.360528
0.259000,-0.555889, 0.259000,-0.338550
0.259500,-0.260406, 0.259500,-0.336109
0.260000,-0.433789, 0.260000,-0.309246
0.260500,-0.673105, 0.260500,-0.340993
0.261000,-0.384949, 0.261000,-0.358086
0.261500,-0.487513, 0.261500,-0.355644
0.262000,-0.460650, 0.262000,-0.353202
0.262500,-0.519259, 0.262500,-0.345876
0.263000,-0.507049, 0.263000,-0.331224
0.263500,-0.270174, 0.263500,-0.348318
0.264000,-0.572983, 0.264000,-0.314130
0.264500,-0.538795, 0.264500,-0.345876
0.265000,-0.397159, 0.265000,-0.365413
0.265500,-0.536353, 0.265500,-0.340993
0.266000,-0.419136, 0.266000,-0.331224
0.266500,-0.548563, 0.266500,-0.326340
0.267000,-0.345876, 0.267000,-0.323899
0.267500,-0.292152, 0.267500,-0.336109
0.268000,-0.699967, 0.268000,-0.323899
0.268500,-0.467976, 0.268500,-0.340993
0.269000,-0.409368, 0.269000,-0.340993
0.269500,-0.546121, 0.269500,-0.350760
0.270000,-0.472860, 0.270000,-0.333666
0.270500,-0.548563, 0.270500,-0.328783
0.271000,-0.257964, 0.271000,-0.319014
0.271500,-0.455767, 0.271500,-0.333666
0.272000,-0.634033, 0.272000,-0.333666
0.272500,-0.458209, 0.272500,-0.360528
0.273000,-0.475303, 0.273000,-0.358086
0.273500,-0.438673, 0.273500,-0.353202
0.274000,-0.533910, 0.274000,-0.323899
0.274500,-0.382506, 0.274500,-0.333666
0.275000,-0.292152, 0.275000,-0.338550
0.275500,-0.665779, 0.275500,-0.338550
0.276000,-0.480186, 0.276000,-0.336109
0.276500,-0.372739, 0.276500,-0.360528
0.277000,-0.516816, 0.277000,-0.340993
0.277500,-0.475303, 0.277500,-0.331224
0.278000,-0.543679, 0.278000,-0.338550
0.278500,-0.277500, 0.278500,-0.328783
0.279000,-0.521700, 0.279000,-0.338550
0.279500,-0.572983, 0.279500,-0.353202
0.280000,-0.438673, 0.280000,-0.350760
0.280500,-0.509491, 0.280500,-0.345876
0.281000,-0.431346, 0.281000,-0.328783
0.281500,-0.543679, 0.281500,-0.328783
0.282000,-0.323899, 0.282000,-0.323899
0.282500,-0.326340, 0.282500,-0.336109
0.283000,-0.680431, 0.283000,-0.343435
0.283500,-0.472860, 0.283500,-0.350760
0.284000,-0.406926, 0.284000,-0.348318
0.284500,-0.463093, 0.284500,-0.338550
0.285000,-0.499723, 0.285000,-0.353202
0.285500,-0.463093, 0.285500,-0.336109
0.286000,-0.289710, 0.286000,-0.316573
0.286500,-0.634033, 0.286500,-0.306804
0.287000,-0.519259, 0.287000,-0.336109
0.287500,-0.360528, 0.287500,-0.362970
0.288000,-0.507049, 0.288000,-0.355644
0.288500,-0.443556, 0.288500,-0.360528
0.289000,-0.533910, 0.289000,-0.340993
0.289500,-0.279943, 0.289500,-0.328783
0.290000,-0.548563, 0.290000,-0.323899
0.290500,-0.575424, 0.290500,-0.355644
0.291000,-0.389833, 0.291000,-0.414253
0.291500,-0.516816, 0.291500,-0.340993
0.292000,-0.448441, 0.292000,-0.353202
0.292500,-0.533910, 0.292500,-0.353202
0.293000,-0.301920, 0.293000,-0.340993
0.293500,-0.450883, 0.293500,-0.333666
0.294000,-0.597403, 0.294000,-0.345876
0.294500,-0.470419, 0.294500,-0.353202
0.295000,-0.531469, 0.295000,-0.441115
0.295500,-0.433789, 0.295500,-0.358086
0.296000,-0.543679, 0.296000,-0.336109
0.296500,-0.326340, 0.296500,-0.328783
0.297000,-0.382506, 0.297000,-0.343435
0.297500,-0.631590, 0.297500,-0.343435
0.298000,-0.485070, 0.298000,-0.338550
0.298500,-0.406926, 0.298500,-0.333666
0.299000,-0.409368, 0.299000,-0.333666
0.299500,-0.533910, 0.299500,-0.345876
0.300000,-0.353202, 0.300000,-0.326340
0.300500,-0.338550, 0.300500,-0.306804
0.301000,-0.651127, 0.301000,-0.326340
0.301500,-0.514374, 0.301500,-0.336109
0.302000,-0.399601, 0.302000,-0.350760
0.302500,-0.448441, 0.302500,-0.362970
0.303000,-0.526584, 0.303000,-0.333666
0.303500,-0.345876, 0.303500,-0.345876
0.304000,-0.326340, 0.304000,-0.304362
0.304500,-0.636475, 0.304500,-0.326340
0.305000,-0.516816, 0.305000,-0.343435
0.305500,-0.404484, 0.305500,-0.353202
0.306000,-0.428904, 0.306000,-0.350760
0.306500,-0.533910, 0.306500,-0.348318
0.307000,-0.353202, 0.307000,-0.333666
0.307500,-0.360528, 0.307500,-0.326340
0.308000,-0.653569, 0.308000,-0.350760
0.308500,-0.509491, 0.308500,-0.348318
0.309000,-0.394716, 0.309000,-0.353202
0.309500,-0.433789, 0.309500,-0.362970
0.310000,-0.538795, 0.310000,-0.336109
0.310500,-0.360528, 0.310500,-0.331224
0.311000,-0.406926, 0.311000,-0.326340
0.311500,-0.629149, 0.311500,-0.338550
0.312000,-0.467976, 0.312000,-0.321456
0.312500,-0.399601, 0.312500,-0.331224
0.313000,-0.433789, 0.313000,-0.358086
0.313500,-0.546121, 0.313500,-0.348318
0.314000,-0.336109, 0.314000,-0.326340
0.314500,-0.526584, 0.314500,-0.331224
0.315000,-0.621823, 0.315000,-0.338550
0.315500,-0.404484, 0.315500,-0.340993
0.316000,-0.465534, 0.316000,-0.350760
0.316500,-0.438673, 0.316500,-0.336109
0.317000,-0.494839, 0.317000,-0.309246
0.317500,-0.289710, 0.317500,-0.316573
0.318000,-0.592519, 0.318000,-0.314130
0.318500,-0.614497, 0.318500,-0.340993
0.319000,-0.343435, 0.319000,-0.333666
0.319500,-0.475303, 0.319500,-0.353202
0.320000,-0.460650, 0.320000,-0.353202
0.320500,-0.448441, 0.320500,-0.338550
0.321000,-0.253080, 0.321000,-0.326340
0.321500,-0.680431, 0.321500,-0.328783
0.322000,-0.587635, 0.322000,-0.353202
0.322500,-0.367854, 0.322500,-0.355644
0.323000,-0.450883, 0.323000,-0.355644
0.323500,-0.487513, 0.323500,-0.336109
0.324000,-0.402043, 0.324000,-0.345876
0.324500,-0.355644, 0.324500,-0.326340
0.325000,-0.656011, 0.325000,-0.336109
0.325500,-0.487513, 0.325500,-0.350760
0.326000,-0.441115, 0.326000,-0.355644
0.326500,-0.404484, 0.326500,-0.355644
0.327000,-0.511933, 0.327000,-0.353202
0.327500,-0.345876, 0.327500,-0.323899
0.328000,-0.568099, 0.328000,-0.326340
0.328500,-0.631590, 0.328500,-0.343435
0.329000,-0.375180, 0.329000,-0.362970
0.329500,-0.470419, 0.329500,-0.348318
0.330000,-0.428904, 0.330000,-0.350760
0.330500,-0.455767, 0.330500,-0.336109
0.331000,-0.255522, 0.331000,-0.323899
0.331500,-0.670663, 0.331500,-0.338550
0.332000,-0.575424, 0.332000,-0.340993
0.332500,-0.389833, 0.332500,-0.355644
0.333000,-0.426463, 0.333000,-0.348318
0.333500,-0.482629, 0.333500,-0.350760
0.334000,-0.365413, 0.334000,-0.336109
0.334500,-0.467976, 0.334500,-0.321456
0.335000,-0.636475, 0.335000,-0.353202
0.335500,-0.402043, 0.335500,-0.355644
0.336000,-0.489955, 0.336000,-0.348318
0.336500,-0.411810, 0.336500,-0.353202
0.337000,-0.465534, 0.337000,-0.328783
0.337500,-0.279943, 0.337500,-0.333666
0.338000,-0.673105, 0.338000,-0.323899
0.338500,-0.504607, 0.338500,-0.382506
0.339000,-0.404484, 0.339000,-0.360528
0.339500,-0.421579, 0.339500,-0.343435
0.340000,-0.470419, 0.340000,-0.353202
0.340500,-0.358086, 0.340500,-0.345876
0.341000,-0.509491, 0.341000,-0.326340
0.341500,-0.626706, 0.341500,-0.338550
0.342000,-0.387390, 0.342000,-0.343435
0.342500,-0.492396, 0.342500,-0.348318
0.343000,-0.404484, 0.343000,-0.350760
0.343500,-0.463093, 0.343500,-0.343435
0.344000,-0.321456, 0.344000,-0.326340
0.344500,-0.668221, 0.344500,-0.340993
0.345000,-0.482629, 0.345000,-0.326340
0.345500,-0.448441, 0.345500,-0.345876
0.346000,-0.416694, 0.346000,-0.360528
0.346500,-0.467976, 0.346500,-0.348318
0.347000,-0.301920, 0.347000,-0.331224
0.347500,-0.614497, 0.347500,-0.319014
0.348000,-0.604729, 0.348000,-0.326340
0.348500,-0.375180, 0.348500,-0.348318
0.349000,-0.472860, 0.349000,-0.362970
0.349500,-0.426463, 0.349500,-0.348318
0.350000,-0.409368, 0.350000,-0.343435
0.350500,-0.494839, 0.350500,-0.326340
0.351000,-0.638916, 0.351000,-0.331224
0.351500,-0.399601, 0.351500,-0.345876
0.352000,-0.482629, 0.352000,-0.348318
0.352500,-0.394716, 0.352500,-0.340993
0.353000,-0.460650, 0.353000,-0.353202
0.353500,-0.319014, 0.353500,-0.321456
0.354000,-0.682873, 0.354000,-0.321456
0.354500,-0.470419, 0.354500,-0.287269
0.355000,-0.455767, 0.355000,-0.360528
0.355500,-0.402043, 0.355500,-0.350760
0.356000,-0.460650, 0.356000,-0.338550
0.356500,-0.301920, 0.356500,-0.331224
0.357000,-0.670663, 0.357000,-0.316573
0.357500,-0.565657, 0.357500,-0.340993
0.358000,-0.428904, 0.358000,-0.350760
0.358500,-0.465534, 0.358500,-0.348318
0.359000,-0.448441, 0.359000,-0.365413
0.359500,-0.326340, 0.359500,-0.345876
0.360000,-0.604729, 0.360000,-0.328783
0.360500,-0.585193, 0.360500,-0.331224
0.361000,-0.380064, 0.361000,-0.338550
0.361500,-0.467976, 0.361500,-0.353202
0.362000,-0.426463, 0.362000,-0.338550
0.362500,-0.392275, 0.362500,-0.348318
0.363000,-0.477744, 0.363000,-0.299478
0.363500,-0.626706, 0.363500,-0.333666
0.364000,-0.406926, 0.364000,-0.331224
0.364500,-0.494839, 0.364500,-0.345876
0.365000,-0.416694, 0.365000,-0.360528
0.365500,-0.441115, 0.365500,-0.362970
0.366000,-0.436230, 0.366000,-0.319014
0.366500,-0.660895, 0.366500,-0.338550
0.367000,-0.436230, 0.367000,-0.343435
0.367500,-0.487513, 0.367500,-0.358086
0.368000,-0.404484, 0.368000,-0.355644
0.368500,-0.448441, 0.368500,-0.340993
0.369000,-0.360528, 0.369000,-0.316573
0.369500,-0.675547, 0.369500,-0.326340
0.370000,-0.450883, 0.370000,-0.331224
0.370500,-0.458209, 0.370500,-0.348318
0.371000,-0.416694, 0.371000,-0.360528
0.371500,-0.441115, 0.371500,-0.358086
0.372000,-0.343435, 0.372000,-0.345876
0.372500,-0.668221, 0.372500,-0.314130
0.373000,-0.475303, 0.373000,-0.328783
0.373500,-0.489955, 0.373500,-0.382506
0.374000,-0.406926, 0.374000,-0.358086
0.374500,-0.445999, 0.374500,-0.362970
0.375000,-0.319014, 0.375000,-0.336109
0.375500,-0.695083, 0.375500,-0.323899
0.376000,-0.480186, 0.376000,-0.331224
0.376500,-0.458209, 0.376500,-0.338550
0.377000,-0.421579, 0.377000,-0.362970
0.377500,-0.438673, 0.377500,-0.350760
0.378000,-0.362970, 0.378000,-0.336109
0.378500,-0.675547, 0.378500,-0.306804
0.379000,-0.467976, 0.379000,-0.333666
0.379500,-0.467976, 0.379500,-0.355644
0.380000,-0.406926, 0.380000,-0.362970
0.380500,-0.436230, 0.380500,-0.353202
0.381000,-0.345876, 0.381000,-0.333666
0.381500,-0.677989, 0.381500,-0.321456
0.382000,-0.472860, 0.382000,-0.345876
0.382500,-0.455767, 0.382500,-0.365413
0.383000,-0.399601, 0.383000,-0.340993
0.383500,-0.443556, 0.383500,-0.362970
0.384000,-0.362970, 0.384000,-0.333666
0.384500,-0.675547, 0.384500,-0.314130
0.385000,-0.455767, 0.385000,-0.331224
0.385500,-0.467976, 0.385500,-0.350760
0.386000,-0.399601, 0.386000,-0.365413
0.386500,-0.409368, 0.386500,-0.355644
0.387000,-0.424020, 0.387000,-0.336109
0.387500,-0.641359, 0.387500,-0.309246
0.388000,-0.428904, 0.388000,-0.331224
0.388500,-0.470419, 0.388500,-0.333666
0.389000,-0.409368, 0.389000,-0.353202
0.389500,-0.411810, 0.389500,-0.353202
0.390000,-0.463093, 0.390000,-0.338550
0.390500,-0.624265, 0.390500,-0.328783
0.391000,-0.404484, 0.391000,-0.333666
0.391500,-0.470419, 0.391500,-0.355644
0.392000,-0.397159, 0.392000,-0.358086
0.392500,-0.372739, 0.392500,-0.362970
0.393000,-0.563215, 0.393000,-0.338550
0.393500,-0.612055, 0.393500,-0.328783
0.394000,-0.409368, 0.394000,-0.338550
0.394500,-0.445999, 0.394500,-0.358086
0.395000,-0.409368, 0.395000,-0.340993
0.395500,-0.353202, 0.395500,-0.362970
0.396000,-0.621823, 0.396000,-0.314130
0.396500,-0.551005, 0.396500,-0.326340
0.397000,-0.414253, 0.397000,-0.355644
0.397500,-0.438673, 0.397500,-0.345876
0.398000,-0.426463, 0.398000,-0.340993
0.398500,-0.355644, 0.398500,-0.345876
0.399000,-0.653569, 0.399000,-0.323899
0.399500,-0.485070, 0.399500,-0.331224
0.400000,-0.450883, 0.400000,-0.338550
0.400500,-0.414253, 0.400500,-0.348318
0.401000,-0.426463, 0.401000,-0.333666
0.401500,-0.450883, 0.401500,-0.345876
0.402000,-0.621823, 0.402000,-0.304362
0.402500,-0.436230, 0.402500,-0.338550
0.403000,-0.465534, 0.403000,-0.348318
0.403500,-0.404484, 0.403500,-0.336109
0.404000,-0.380064, 0.404000,-0.350760
0.404500,-0.543679, 0.404500,-0.331224
0.405000,-0.612055, 0.405000,-0.328783
0.405500,-0.394716, 0.405500,-0.340993
0.406000,-0.453325, 0.406000,-0.362970
0.406500,-0.409368, 0.406500,-0.340993
0.407000,-0.350760, 0.407000,-0.326340
0.407500,-0.619381, 0.407500,-0.306804
0.408000,-0.538795, 0.408000,-0.331224
0.408500,-0.421579, 0.408500,-0.355644
0.409000,-0.402043, 0.409000,-0.345876
0.409500,-0.414253, 0.409500,-0.355644
0.410000,-0.431346, 0.410000,-0.338550
0.410500,-0.641359, 0.410500,-0.326340
0.411000,-0.445999, 0.411000,-0.348318
0.411500,-0.450883, 0.411500,-0.348318
0.412000,-0.399601, 0.412000,-0.345876
0.412500,-0.348318, 0.412500,-0.397159
0.413000,-0.563215, 0.413000,-0.314130
0.413500,-0.590076, 0.413500,-0.301920
0.414000,-0.406926, 0.414000,-0.348318
0.414500,-0.426463, 0.414500,-0.367854
0.415000,-0.397159, 0.415000,-0.348318
0.415500,-0.397159, 0.415500,-0.360528
0.416000,-0.651127, 0.416000,-0.326340
0.416500,-0.519259, 0.416500,-0.340993
0.417000,-0.424020, 0.417000,-0.370296
0.417500,-0.404484, 0.417500,-0.375180
0.418000,-0.421579, 0.418000,-0.348318
0.418500,-0.504607, 0.418500,-0.328783
0.419000,-0.643801, 0.419000,-0.304362
0.419500,-0.411810, 0.419500,-0.355644
0.420000,-0.421579, 0.420000,-0.362970
0.420500,-0.392275, 0.420500,-0.350760
0.421000,-0.375180, 0.421000,-0.343435
0.421500,-0.616939, 0.421500,-0.294594
0.422000,-0.551005, 0.422000,-0.316573
0.422500,-0.421579, 0.422500,-0.360528
0.423000,-0.399601, 0.423000,-0.380064
0.423500,-0.409368, 0.423500,-0.362970
0.424000,-0.470419, 0.424000,-0.323899
0.424500,-0.670663, 0.424500,-0.292152
0.425000,-0.436230, 0.425000,-0.331224
0.425500,-0.411810, 0.425500,-0.377623
0.426000,-0.343435, 0.426000,-0.350760
0.426500,-0.380064, 0.426500,-0.355644
0.427000,-0.631590, 0.427000,-0.282384
0.427500,-0.563215, 0.427500,-0.314130
0.428000,-0.424020, 0.428000,-0.362970
0.428500,-0.402043, 0.428500,-0.382506
0.429000,-0.384949, 0.429000,-0.375180
0.429500,-0.494839, 0.429500,-0.338550
0.430000,-0.643801, 0.430000,-0.289710
0.430500,-0.399601, 0.430500,-0.309246
0.431000,-0.419136, 0.431000,-0.380064
0.431500,-0.394716, 0.431500,-0.380064
0.432000,-0.397159, 0.432000,-0.360528
0.432500,-0.634033, 0.432500,-0.289710
0.433000,-0.531469, 0.433000,-0.314130
0.433500,-0.389833, 0.433500,-0.353202
0.434000,-0.392275, 0.434000,-0.389833
0.434500,-0.382506, 0.434500,-0.365413
0.435000,-0.531469, 0.435000,-0.336109
0.435500,-0.638916, 0.435500,-0.277500
0.436000,-0.416694, 0.436000,-0.338550
0.436500,-0.399601, 0.436500,-0.384949
0.437000,-0.377623, 0.437000,-0.380064
0.437500,-0.433789, 0.437500,-0.367854
0.438000,-0.658453, 0.438000,-0.301920
0.438500,-0.482629, 0.438500,-0.306804
0.439000,-0.414253, 0.439000,-0.362970
0.439500,-0.387390, 0.439500,-0.387390
0.440000,-0.389833, 0.440000,-0.387390
0.440500,-0.590076, 0.440500,-0.306804
0.441000,-0.575424, 0.441000,-0.284826
0.441500,-0.394716, 0.441500,-0.328783
0.442000,-0.387390, 0.442000,-0.380064
0.442500,-0.382506, 0.442500,-0.402043
0.443000,-0.514374, 0.443000,-0.350760
0.443500,-0.634033, 0.443500,-0.267733
0.444000,-0.421579, 0.444000,-0.314130
0.444500,-0.402043, 0.444500,-0.380064
0.445000,-0.392275, 0.445000,-0.394716
0.445500,-0.441115, 0.445500,-0.377623
0.446000,-0.653569, 0.446000,-0.277500
0.446500,-0.502165, 0.446500,-0.287269
0.447000,-0.397159, 0.447000,-0.375180
0.447500,-0.355644, 0.447500,-0.384949
0.448000,-0.389833, 0.448000,-0.384949
0.448500,-0.609613, 0.448500,-0.314130
0.449000,-0.587635, 0.449000,-0.277500
0.449500,-0.399601, 0.449500,-0.331224
0.450000,-0.394716, 0.450000,-0.382506
0.450500,-0.387390, 0.450500,-0.397159
0.451000,-0.546121, 0.451000,-0.336109
0.451500,-0.643801, 0.451500,-0.253080
0.452000,-0.414253, 0.452000,-0.301920
0.452500,-0.397159, 0.452500,-0.382506
0.453000,-0.372739, 0.453000,-0.384949
0.453500,-0.482629, 0.453500,-0.365413
0.454000,-0.658453, 0.454000,-0.250638
0.454500,-0.450883, 0.454500,-0.275058
0.455000,-0.404484, 0.455000,-0.375180
0.455500,-0.370296, 0.455500,-0.392275
0.456000,-0.436230, 0.456000,-0.377623
0.456500,-0.641359, 0.456500,-0.277500
0.457000,-0.511933, 0.457000,-0.272616
0.457500,-0.372739, 0.457500,-0.406926
0.458000,-0.380064, 0.458000,-0.409368
0.458500,-0.409368, 0.458500,-0.399601
0.459000,-0.631590, 0.459000,-0.311688
0.459500,-0.565657, 0.459500,-0.250638
0.460000,-0.414253, 0.460000,-0.331224
0.460500,-0.367854, 0.460500,-0.380064
0.461000,-0.397159, 0.461000,-0.397159
0.461500,-0.587635, 0.461500,-0.326340
0.462000,-0.594961, 0.462000,-0.248196
0.462500,-0.411810, 0.462500,-0.306804
0.463000,-0.367854, 0.463000,-0.399601
0.463500,-0.380064, 0.463500,-0.409368
0.464000,-0.541236, 0.464000,-0.345876
0.464500,-0.631590, 0.464500,-0.248196
0.465000,-0.404484, 0.465000,-0.294594
0.465500,-0.387390, 0.465500,-0.389833
0.466000,-0.380064, 0.466000,-0.409368
0.466500,-0.511933, 0.466500,-0.367854
0.467000,-0.658453, 0.467000,-0.257964
0.467500,-0.424020, 0.467500,-0.287269
0.468000,-0.394716, 0.468000,-0.382506
0.468500,-0.367854, 0.468500,-0.406926
0.469000,-0.482629, 0.469000,-0.384949
0.469500,-0.673105, 0.469500,-0.267733
0.470000,-0.436230, 0.470000,-0.279943
0.470500,-0.392275, 0.470500,-0.370296
0.471000,-0.348318, 0.471000,-0.416694
0.471500,-0.492396, 0.471500,-0.389833
0.472000,-0.663337, 0.472000,-0.275058
0.472500,-0.448441, 0.472500,-0.260406
0.473000,-0.382506, 0.473000,-0.353202
0.473500,-0.345876, 0.473500,-0.404484
0.474000,-0.436230, 0.474000,-0.431346
0.474500,-0.641359, 0.474500,-0.282384
0.475000,-0.465534, 0.475000,-0.250638
0.475500,-0.397159, 0.475500,-0.350760
0.476000,-0.343435, 0.476000,-0.431346
0.476500,-0.450883, 0.476500,-0.414253
0.477000,-0.609613, 0.477000,-0.348318
0.477500,-0.499723, 0.477500,-0.240870
0.478000,-0.389833, 0.478000,-0.331224
0.478500,-0.338550, 0.478500,-0.406926
0.479000,-0.455767, 0.479000,-0.433789
0.479500,-0.636475, 0.479500,-0.319014
0.480000,-0.497281, 0.480000,-0.248196
0.480500,-0.387390, 0.480500,-0.340993
0.481000,-0.331224, 0.481000,-0.433789
0.481500,-0.448441, 0.481500,-0.426463
0.482000,-0.638916, 0.482000,-0.301920
0.482500,-0.485070, 0.482500,-0.238428
0.483000,-0.382506, 0.483000,-0.328783
0.483500,-0.340993, 0.483500,-0.409368
0.484000,-0.453325, 0.484000,-0.428904
0.484500,-0.658453, 0.484500,-0.319014
0.485000,-0.487513, 0.485000,-0.231103
0.485500,-0.399601, 0.485500,-0.321456
0.486000,-0.348318, 0.486000,-0.404484
0.486500,-0.472860, 0.486500,-0.414253
0.487000,-0.653569, 0.487000,-0.319014
0.487500,-0.485070, 0.487500,-0.250638
0.488000,-0.384949, 0.488000,-0.338550
0.488500,-0.340993, 0.488500,-0.414253
0.489000,-0.475303, 0.489000,-0.438673
0.489500,-0.638916, 0.489500,-0.306804
0.490000,-0.465534, 0.490000,-0.248196
0.490500,-0.404484, 0.490500,-0.309246
0.491000,-0.362970, 0.491000,-0.411810
0.491500,-0.494839, 0.491500,-0.426463
0.492000,-0.646243, 0.492000,-0.299478
0.492500,-0.455767, 0.492500,-0.235986
0.493000,-0.382506, 0.493000,-0.333666
0.493500,-0.372739, 0.493500,-0.424020
0.494000,-0.521700, 0.494000,-0.433789
0.494500,-0.651127, 0.494500,-0.289710
0.495000,-0.445999, 0.495000,-0.233544
0.495500,-0.377623, 0.495500,-0.331224
0.496000,-0.382506, 0.496000,-0.414253
0.496500,-0.521700, 0.496500,-0.424020
0.497000,-0.636475, 0.497000,-0.284826
0.497500,-0.419136, 0.497500,-0.228660
0.498000,-0.370296, 0.498000,-0.345876
0.498500,-0.414253, 0.498500,-0.433789
0.499000,-0.536353, 0.499000,-0.404484
0.499500,-0.607171, 0.499500,-0.248196
0.500000,-0.404484, 0.500000,-0.243312
0.500500,-0.353202, 0.500500,-0.365413
0.501000,-0.416694, 0.501000,-0.431346
0.501500,-0.563215, 0.501500,-0.397159
0.502000,-0.590076, 0.502000,-0.248196
0.502500,-0.380064, 0.502500,-0.216450
0.503000,-0.319014, 0.503000,-0.353202
0.503500,-0.460650, 0.503500,-0.450883
0.504000,-0.597403, 0.504000,-0.384949
0.504500,-0.543679, 0.504500,-0.243312
0.505000,-0.404484, 0.505000,-0.270174
0.505500,-0.316573, 0.505500,-0.370296
0.506000,-0.494839, 0.506000,-0.436230
0.506500,-0.616939, 0.506500,-0.358086
0.507000,-0.441115, 0.507000,-0.289710
0.507500,-0.389833, 0.507500,-0.299478
0.508000,-0.316573, 0.508000,-0.375180
0.508500,-0.519259, 0.508500,-0.441115
0.509000,-0.641359, 0.509000,-0.328783
0.509500,-0.450883, 0.509500,-0.226218
0.510000,-0.370296, 0.510000,-0.304362
0.510500,-0.355644, 0.510500,-0.392275
0.511000,-0.541236, 0.511000,-0.438673
0.511500,-0.609613, 0.511500,-0.311688
0.512000,-0.428904, 0.512000,-0.233544
0.512500,-0.350760, 0.512500,-0.321456
0.513000,-0.421579, 0.513000,-0.424020
0.513500,-0.568099, 0.513500,-0.411810
0.514000,-0.580309, 0.514000,-0.267733
0.514500,-0.397159, 0.514500,-0.245754
0.515000,-0.321456, 0.515000,-0.358086
0.515500,-0.487513, 0.515500,-0.453325
0.516000,-0.616939, 0.516000,-0.377623
0.516500,-0.514374, 0.516500,-0.257964
0.517000,-0.336109, 0.517000,-0.282384
0.517500,-0.299478, 0.517500,-0.367854
0.518000,-0.504607, 0.518000,-0.436230
0.518500,-0.629149, 0.518500,-0.348318
0.519000,-0.450883, 0.519000,-0.245754
0.519500,-0.367854, 0.519500,-0.297036
0.520000,-0.377623, 0.520000,-0.402043
0.520500,-0.546121, 0.520500,-0.433789
0.521000,-0.602287, 0.521000,-0.311688
0.521500,-0.424020, 0.521500,-0.257964
0.522000,-0.338550, 0.522000,-0.336109
0.522500,-0.431346, 0.522500,-0.443556
0.523000,-0.607171, 0.523000,-0.419136
0.523500,-0.558331, 0.523500,-0.287269
0.524000,-0.399601, 0.524000,-0.253080
0.524500,-0.297036, 0.524500,-0.345876
0.525000,-0.524143, 0.525000,-0.445999
0.525500,-0.626706, 0.525500,-0.372739
0.526000,-0.497281, 0.526000,-0.260406
0.526500,-0.370296, 0.526500,-0.279943
0.527000,-0.338550, 0.527000,-0.377623
0.527500,-0.555889, 0.527500,-0.428904
0.528000,-0.629149, 0.528000,-0.338550
0.528500,-0.409368, 0.528500,-0.253080
0.529000,-0.323899, 0.529000,-0.314130
0.529500,-0.450883, 0.529500,-0.414253
0.530000,-0.568099, 0.530000,-0.448441
0.530500,-0.548563, 0.530500,-0.294594
0.531000,-0.380064, 0.531000,-0.260406
0.531500,-0.301920, 0.531500,-0.365413
0.532000,-0.499723, 0.532000,-0.424020
0.532500,-0.609613, 0.532500,-0.362970
0.533000,-0.438673, 0.533000,-0.277500
0.533500,-0.365413, 0.533500,-0.294594
0.534000,-0.375180, 0.534000,-0.389833
0.534500,-0.563215, 0.534500,-0.411810
0.535000,-0.616939, 0.535000,-0.336109
0.535500,-0.399601, 0.535500,-0.255522
0.536000,-0.328783, 0.536000,-0.316573
0.536500,-0.467976, 0.536500,-0.414253
0.537000,-0.631590, 0.537000,-0.397159
0.537500,-0.511933, 0.537500,-0.282384
0.538000,-0.387390, 0.538000,-0.277500
0.538500,-0.331224, 0.538500,-0.358086
0.539000,-0.511933, 0.539000,-0.421579
0.539500,-0.643801, 0.539500,-0.348318
0.540000,-0.404484, 0.540000,-0.255522
0.540500,-0.314130, 0.540500,-0.309246
0.541000,-0.409368, 0.541000,-0.370296
0.541500,-0.609613, 0.541500,-0.402043
0.542000,-0.546121, 0.542000,-0.301920
0.542500,-0.380064, 0.542500,-0.275058
0.543000,-0.316573, 0.543000,-0.350760
0.543500,-0.499723, 0.543500,-0.431346
0.544000,-0.658453, 0.544000,-0.355644
0.544500,-0.428904, 0.544500,-0.262848
0.545000,-0.355644, 0.545000,-0.297036
0.545500,-0.419136, 0.545500,-0.392275
0.546000,-0.585193, 0.546000,-0.406926
0.546500,-0.570540, 0.546500,-0.336109
0.547000,-0.394716, 0.547000,-0.292152
0.547500,-0.306804, 0.547500,-0.340993
0.548000,-0.492396, 0.548000,-0.419136
0.548500,-0.673105, 0.548500,-0.387390
0.549000,-0.458209, 0.549000,-0.294594
0.549500,-0.353202, 0.549500,-0.299478
0.550000,-0.397159, 0.550000,-0.370296
0.550500,-0.563215, 0.550500,-0.416694
0.551000,-0.602287, 0.551000,-0.323899
0.551500,-0.397159, 0.551500,-0.279943
0.552000,-0.319014, 0.552000,-0.333666
0.552500,-0.487513, 0.552500,-0.399601
0.553000,-0.646243, 0.553000,-0.365413
0.553500,-0.450883, 0.553500,-0.284826
0.554000,-0.353202, 0.554000,-0.297036
0.554500,-0.421579, 0.554500,-0.384949
0.555000,-0.551005, 0.555000,-0.382506
0.555500,-0.590076, 0.555500,-0.321456
0.556000,-0.394716, 0.556000,-0.287269
0.556500,-0.309246, 0.556500,-0.331224
0.557000,-0.489955, 0.557000,-0.409368
0.557500,-0.656011, 0.557500,-0.365413
0.558000,-0.428904, 0.558000,-0.287269
0.558500,-0.333666, 0.558500,-0.299478
0.559000,-0.431346, 0.559000,-0.370296
0.559500,-0.568099, 0.559500,-0.406926
0.560000,-0.572983, 0.560000,-0.316573
0.560500,-0.384949, 0.560500,-0.255522
0.561000,-0.331224, 0.561000,-0.348318
0.561500,-0.509491, 0.561500,-0.419136
0.562000,-0.651127, 0.562000,-0.355644
0.562500,-0.428904, 0.562500,-0.292152
0.563000,-0.326340, 0.563000,-0.301920
0.563500,-0.472860, 0.563500,-0.406926
0.564000,-0.616939, 0.564000,-0.406926
0.564500,-0.524143, 0.564500,-0.311688
0.565000,-0.353202, 0.565000,-0.304362
0.565500,-0.375180, 0.565500,-0.365413
0.566000,-0.543679, 0.566000,-0.387390
0.566500,-0.631590, 0.566500,-0.343435
0.567000,-0.402043, 0.567000,-0.297036
0.567500,-0.316573, 0.567500,-0.321456
0.568000,-0.487513, 0.568000,-0.411810
0.568500,-0.641359, 0.568500,-0.362970
0.569000,-0.455767, 0.569000,-0.301920
0.569500,-0.336109, 0.569500,-0.311688
0.570000,-0.438673, 0.570000,-0.375180
0.570500,-0.551005, 0.570500,-0.392275
0.571000,-0.570540, 0.571000,-0.321456
0.571500,-0.365413, 0.571500,-0.294594
0.572000,-0.338550, 0.572000,-0.358086
0.572500,-0.499723, 0.572500,-0.404484
0.573000,-0.656011, 0.573000,-0.353202
0.573500,-0.411810, 0.573500,-0.297036
0.574000,-0.321456, 0.574000,-0.333666
0.574500,-0.489955, 0.574500,-0.392275
0.575000,-0.624265, 0.575000,-0.370296
0.575500,-0.502165, 0.575500,-0.306804
0.576000,-0.333666, 0.576000,-0.284826
0.576500,-0.404484, 0.576500,-0.362970
0.577000,-0.524143, 0.577000,-0.389833
0.577500,-0.585193, 0.577500,-0.333666
0.578000,-0.362970, 0.578000,-0.299478
0.578500,-0.336109, 0.578500,-0.353202
0.579000,-0.494839, 0.579000,-0.382506
0.579500,-0.643801, 0.579500,-0.328783
0.580000,-0.402043, 0.580000,-0.304362
0.580500,-0.299478, 0.580500,-0.319014
0.581000,-0.499723, 0.581000,-0.402043
0.581500,-0.619381, 0.581500,-0.367854
0.582000,-0.482629, 0.582000,-0.309246
0.582500,-0.338550, 0.582500,-0.297036
0.583000,-0.438673, 0.583000,-0.370296
0.583500,-0.560773, 0.583500,-0.389833
0.584000,-0.575424, 0.584000,-0.314130
0.584500,-0.355644, 0.584500,-0.297036
0.585000,-0.358086, 0.585000,-0.355644
0.585500,-0.526584, 0.585500,-0.389833
0.586000,-0.636475, 0.586000,-0.338550
0.586500,-0.399601, 0.586500,-0.289710
0.587000,-0.314130, 0.587000,-0.338550
0.587500,-0.497281, 0.587500,-0.380064
0.588000,-0.626706, 0.588000,-0.365413
0.588500,-0.438673, 0.588500,-0.297036
0.589000,-0.297036, 0.589000,-0.311688
0.589500,-0.485070, 0.589500,-0.392275
0.590000,-0.582750, 0.590000,-0.375180
0.590500,-0.531469, 0.590500,-0.311688
0.591000,-0.314130, 0.591000,-0.277500
0.591500,-0.421579, 0.591500,-0.358086
0.592000,-0.536353, 0.592000,-0.358086
0.592500,-0.607171, 0.592500,-0.331224
0.593000,-0.375180, 0.593000,-0.306804
0.593500,-0.362970, 0.593500,-0.358086
0.594000,-0.529026, 0.594000,-0.382506
0.594500,-0.651127, 0.594500,-0.340993
0.595000,-0.392275, 0.595000,-0.289710
0.595500,-0.299478, 0.595500,-0.311688
0.596000,-0.529026, 0.596000,-0.382506
0.596500,-0.651127, 0.596500,-0.350760
0.597000,-0.445999, 0.597000,-0.309246
0.597500,-0.289710, 0.597500,-0.328783
0.598000,-0.497281, 0.598000,-0.375180
0.598500,-0.597403, 0.598500,-0.358086
0.599000,-0.494839, 0.599000,-0.314130
0.599500,-0.311688, 0.599500,-0.287269
0.600000,-0.450883, 0.600000,-0.370296
0.600500,-0.572983, 0.600500,-0.367854
0.601000,-0.568099, 0.601000,-0.328783
0.601500,-0.336109, 0.601500,-0.309246
0.602000,-0.392275, 0.602000,-0.372739
0.602500,-0.551005, 0.602500,-0.382506
0.603000,-0.631590, 0.603000,-0.328783
0.603500,-0.362970, 0.603500,-0.301920
0.604000,-0.338550, 0.604000,-0.350760
0.604500,-0.521700, 0.604500,-0.399601
0.605000,-0.631590, 0.605000,-0.336109
0.605500,-0.436230, 0.605500,-0.270174
0.606000,-0.306804, 0.606000,-0.338550
0.606500,-0.519259, 0.606500,-0.365413
0.607000,-0.607171, 0.607000,-0.279943
0.607500,-0.424020, 0.607500,-0.306804
0.608000,-0.284826, 0.608000,-0.333666
0.608500,-0.504607, 0.608500,-0.380064
0.609000,-0.634033, 0.609000,-0.355644
0.609500,-0.455767, 0.609500,-0.306804
0.610000,-0.299478, 0.610000,-0.326340
0.610500,-0.492396, 0.610500,-0.375180
0.611000,-0.616939, 0.611000,-0.333666
0.611500,-0.492396, 0.611500,-0.304362
0.612000,-0.297036, 0.612000,-0.319014
0.612500,-0.433789, 0.612500,-0.375180
0.613000,-0.590076, 0.613000,-0.355644
0.613500,-0.541236, 0.613500,-0.321456
0.614000,-0.309246, 0.614000,-0.311688
0.614500,-0.414253, 0.614500,-0.375180
0.615000,-0.555889, 0.615000,-0.353202
0.615500,-0.577866, 0.615500,-0.321456
0.616000,-0.345876, 0.616000,-0.314130
0.616500,-0.377623, 0.616500,-0.358086
0.617000,-0.558331, 0.617000,-0.387390
0.617500,-0.621823, 0.617500,-0.306804
0.618000,-0.348318, 0.618000,-0.301920
0.618500,-0.338550, 0.618500,-0.340993
0.619000,-0.541236, 0.619000,-0.380064
0.619500,-0.629149, 0.619500,-0.333666
0.620000,-0.370296, 0.620000,-0.311688
0.620500,-0.377623, 0.620500,-0.433789
0.621000,-0.541236, 0.621000,-0.372739
0.621500,-0.651127, 0.621500,-0.328783
0.622000,-0.375180, 0.622000,-0.309246
0.622500,-0.294594, 0.622500,-0.345876
0.623000,-0.543679, 0.623000,-0.392275
0.623500,-0.658453, 0.623500,-0.340993
0.624000,-0.406926, 0.624000,-0.319014
0.624500,-0.277500, 0.624500,-0.345876
0.625000,-0.516816, 0.625000,-0.389833
0.625500,-0.651127, 0.625500,-0.316573
0.626000,-0.414253, 0.626000,-0.309246
0.626500,-0.282384, 0.626500,-0.333666
0.627000,-0.514374, 0.627000,-0.382506
0.627500,-0.636475, 0.627500,-0.323899
0.628000,-0.436230, 0.628000,-0.299478
0.628500,-0.270174, 0.628500,-0.328783
0.629000,-0.485070, 0.629000,-0.392275
0.629500,-0.643801, 0.629500,-0.326340
0.630000,-0.475303, 0.630000,-0.297036
0.630500,-0.262848, 0.630500,-0.326340
0.631000,-0.492396, 0.631000,-0.384949
0.631500,-0.651127, 0.631500,-0.343435
0.632000,-0.455767, 0.632000,-0.306804
0.632500,-0.257964, 0.632500,-0.336109
0.633000,-0.465534, 0.633000,-0.377623
0.633500,-0.629149, 0.633500,-0.336109
0.634000,-0.470419, 0.634000,-0.292152
0.634500,-0.267733, 0.634500,-0.338550
0.635000,-0.472860, 0.635000,-0.394716
0.635500,-0.621823, 0.635500,-0.343435
0.636000,-0.494839, 0.636000,-0.304362
0.636500,-0.272616, 0.636500,-0.331224
0.637000,-0.465534, 0.637000,-0.387390
0.637500,-0.634033, 0.637500,-0.350760
0.638000,-0.494839, 0.638000,-0.301920
0.638500,-0.257964, 0.638500,-0.333666
0.639000,-0.465534, 0.639000,-0.392275
0.639500,-0.629149, 0.639500,-0.336109
0.640000,-0.482629, 0.640000,-0.306804
0.640500,-0.257964, 0.640500,-0.348318
0.641000,-0.470419, 0.641000,-0.377623
0.641500,-0.648685, 0.641500,-0.331224
0.642000,-0.485070, 0.642000,-0.297036
0.642500,-0.257964, 0.642500,-0.331224
0.643000,-0.475303, 0.643000,-0.394716
0.643500,-0.660895, 0.643500,-0.331224
0.644000,-0.453325, 0.644000,-0.294594
0.644500,-0.265290, 0.644500,-0.323899
0.645000,-0.477744, 0.645000,-0.384949
0.645500,-0.677989, 0.645500,-0.338550
0.646000,-0.472860, 0.646000,-0.311688
0.646500,-0.257964, 0.646500,-0.350760
0.647000,-0.487513, 0.647000,-0.375180
0.647500,-0.677989, 0.647500,-0.331224
0.648000,-0.465534, 0.648000,-0.292152
0.648500,-0.262848, 0.648500,-0.340993
0.649000,-0.492396, 0.649000,-0.384949
0.649500,-0.673105, 0.649500,-0.331224
0.650000,-0.448441, 0.650000,-0.299478
0.650500,-0.257964, 0.650500,-0.348318
0.651000,-0.502165, 0.651000,-0.397159
0.651500,-0.673105, 0.651500,-0.321456
0.652000,-0.438673, 0.652000,-0.301920
0.652500,-0.260406, 0.652500,-0.360528
0.653000,-0.511933, 0.653000,-0.389833
0.653500,-0.665779, 0.653500,-0.297036
0.654000,-0.436230, 0.654000,-0.299478
0.654500,-0.289710, 0.654500,-0.358086
0.655000,-0.514374, 0.655000,-0.389833
0.655500,-0.660895, 0.655500,-0.309246
0.656000,-0.397159, 0.656000,-0.319014
0.656500,-0.304362, 0.656500,-0.375180
0.657000,-0.536353, 0.657000,-0.389833
0.657500,-0.653569, 0.657500,-0.321456
0.658000,-0.367854, 0.658000,-0.309246
0.658500,-0.323899, 0.658500,-0.382506
0.659000,-0.560773, 0.659000,-0.375180
0.659500,-0.626706, 0.659500,-0.304362
0.660000,-0.326340, 0.660000,-0.311688
0.660500,-0.360528, 0.660500,-0.389833
0.661000,-0.582750, 0.661000,-0.370296
0.661500,-0.616939, 0.661500,-0.297036
0.662000,-0.282384, 0.662000,-0.301920
0.662500,-0.380064, 0.662500,-0.399601
0.663000,-0.597403, 0.663000,-0.358086
0.663500,-0.553447, 0.663500,-0.297036
0.664000,-0.265290, 0.664000,-0.319014
0.664500,-0.416694, 0.664500,-0.406926
0.665000,-0.621823, 0.665000,-0.348318
0.665500,-0.533910, 0.665500,-0.294594
0.666000,-0.262848, 0.666000,-0.328783
0.666500,-0.460650, 0.666500,-0.421579
0.667000,-0.656011, 0.667000,-0.328783
0.667500,-0.489955, 0.667500,-0.282384
0.668000,-0.253080, 0.668000,-0.340993
0.668500,-0.463093, 0.668500,-0.384949
0.669000,-0.663337, 0.669000,-0.321456
0.669500,-0.460650, 0.669500,-0.304362
0.670000,-0.262848, 0.670000,-0.353202
0.670500,-0.494839, 0.670500,-0.402043
0.671000,-0.648685, 0.671000,-0.319014
0.671500,-0.411810, 0.671500,-0.314130
0.672000,-0.284826, 0.672000,-0.382506
0.672500,-0.531469, 0.672500,-0.387390
0.673000,-0.631590, 0.673000,-0.306804
0.673500,-0.348318, 0.673500,-0.331224
0.674000,-0.348318, 0.674000,-0.406926
0.674500,-0.560773, 0.674500,-0.377623
0.675000,-0.602287, 0.675000,-0.314130
0.675500,-0.287269, 0.675500,-0.331224
0.676000,-0.411810, 0.676000,-0.394716
0.676500,-0.614497, 0.676500,-0.355644
0.677000,-0.555889, 0.677000,-0.292152
0.677500,-0.270174, 0.677500,-0.314130
0.678000,-0.431346, 0.678000,-0.377623
0.678500,-0.636475, 0.678500,-0.338550
0.679000,-0.489955, 0.679000,-0.299478
0.679500,-0.284826, 0.679500,-0.362970
0.680000,-0.499723, 0.680000,-0.404484
0.680500,-0.646243, 0.680500,-0.333666
0.681000,-0.433789, 0.681000,-0.287269
0.681500,-0.311688, 0.681500,-0.353202
0.682000,-0.507049, 0.682000,-0.370296
0.682500,-0.631590, 0.682500,-0.306804
0.683000,-0.365413, 0.683000,-0.306804
0.683500,-0.362970, 0.683500,-0.377623
0.684000,-0.555889, 0.684000,-0.372739
0.684500,-0.597403, 0.684500,-0.304362
0.685000,-0.292152, 0.685000,-0.319014
0.685500,-0.343435, 0.685500,-0.416694
0.686000,-0.585193, 0.686000,-0.350760
0.686500,-0.558331, 0.686500,-0.284826
0.687000,-0.255522, 0.687000,-0.333666
0.687500,-0.445999, 0.687500,-0.406926
0.688000,-0.626706, 0.688000,-0.338550
0.688500,-0.494839, 0.688500,-0.289710
0.689000,-0.282384, 0.689000,-0.338550
0.689500,-0.487513, 0.689500,-0.387390
0.690000,-0.641359, 0.690000,-0.331224
0.690500,-0.416694, 0.690500,-0.294594
0.691000,-0.345876, 0.691000,-0.377623
0.691500,-0.531469, 0.691500,-0.362970
0.692000,-0.604729, 0.692000,-0.287269
0.692500,-0.323899, 0.692500,-0.304362
0.693000,-0.404484, 0.693000,-0.402043
0.693500,-0.565657, 0.693500,-0.350760
0.694000,-0.555889, 0.694000,-0.287269
0.694500,-0.275058, 0.694500,-0.323899
0.695000,-0.450883, 0.695000,-0.404484
0.695500,-0.626706, 0.695500,-0.323899
0.696000,-0.482629, 0.696000,-0.301920
0.696500,-0.333666, 0.696500,-0.333666
0.697000,-0.507049, 0.697000,-0.380064
0.697500,-0.614497, 0.697500,-0.306804
0.698000,-0.362970, 0.698000,-0.294594
0.698500,-0.380064, 0.698500,-0.375180
0.699000,-0.521700, 0.699000,-0.375180
0.699500,-0.565657, 0.699500,-0.301920
0.700000,-0.299478, 0.700000,-0.331224
0.700500,-0.455767, 0.700500,-0.353202
0.701000,-0.565657, 0.701000,-0.343435
0.701500,-0.502165, 0.701500,-0.316573
0.702000,-0.316573, 0.702000,-0.343435
0.702500,-0.487513, 0.702500,-0.397159
0.703000,-0.604729, 0.703000,-0.316573
0.703500,-0.433789, 0.703500,-0.299478
0.704000,-0.370296, 0.704000,-0.360528
0.704500,-0.514374, 0.704500,-0.384949
0.705000,-0.582750, 0.705000,-0.319014
0.705500,-0.338550, 0.705500,-0.306804
0.706000,-0.433789, 0.706000,-0.375180
0.706500,-0.563215, 0.706500,-0.353202
0.707000,-0.514374, 0.707000,-0.299478
0.707500,-0.311688, 0.707500,-0.328783
0.708000,-0.494839, 0.708000,-0.392275
0.708500,-0.572983, 0.708500,-0.321456
0.709000,-0.445999, 0.709000,-0.311688
0.709500,-0.375180, 0.709500,-0.348318
0.710000,-0.521700, 0.710000,-0.375180
0.710500,-0.558331, 0.710500,-0.294594
0.711000,-0.345876, 0.711000,-0.323899
0.711500,-0.421579, 0.711500,-0.350760
0.712000,-0.548563, 0.712000,-0.333666
0.712500,-0.509491, 0.712500,-0.314130
0.713000,-0.323899, 0.713000,-0.348318
0.713500,-0.497281, 0.713500,-0.380064
0.714000,-0.582750, 0.714000,-0.328783
0.714500,-0.397159, 0.714500,-0.326340
0.715000,-0.414253, 0.715000,-0.365413
0.715500,-0.536353, 0.715500,-0.358086
0.716000,-0.538795, 0.716000,-0.314130
0.716500,-0.323899, 0.716500,-0.326340
0.717000,-0.492396, 0.717000,-0.380064
0.717500,-0.575424, 0.717500,-0.345876
0.718000,-0.460650, 0.718000,-0.316573
0.718500,-0.333666, 0.718500,-0.321456
0.719000,-0.533910, 0.719000,-0.377623
0.719500,-0.568099, 0.719500,-0.316573
0.720000,-0.355644, 0.720000,-0.326340
0.720500,-0.436230, 0.720500,-0.375180
0.721000,-0.558331, 0.721000,-0.345876
0.721500,-0.516816, 0.721500,-0.309246
0.722000,-0.294594, 0.722000,-0.333666
0.722500,-0.514374, 0.722500,-0.372739
0.723000,-0.577866, 0.723000,-0.323899
0.723500,-0.433789, 0.723500,-0.326340
0.724000,-0.377623, 0.724000,-0.345876
0.724500,-0.521700, 0.724500,-0.360528
0.725000,-0.553447, 0.725000,-0.297036
0.725500,-0.275058, 0.725500,-0.260406
0.726000,-0.472860, 0.726000,-0.348318
0.726500,-0.553447, 0.726500,-0.372739
0.727000,-0.504607, 0.727000,-0.284826
0.727500,-0.316573, 0.727500,-0.323899
0.728000,-0.521700, 0.728000,-0.384949
0.728500,-0.565657, 0.728500,-0.331224
0.729000,-0.384949, 0.729000,-0.333666
0.729500,-0.436230, 0.729500,-0.365413
0.730000,-0.553447, 0.730000,-0.350760
0.730500,-0.516816, 0.730500,-0.309246
0.731000,-0.340993, 0.731000,-0.350760
0.731500,-0.519259, 0.731500,-0.382506
0.732000,-0.558331, 0.732000,-0.311688
0.732500,-0.380064, 0.732500,-0.338550
0.733000,-0.416694, 0.733000,-0.377623
0.733500,-0.555889, 0.733500,-0.355644
0.734000,-0.511933, 0.734000,-0.314130
0.734500,-0.301920, 0.734500,-0.345876
0.735000,-0.509491, 0.735000,-0.362970
0.735500,-0.568099, 0.735500,-0.316573
0.736000,-0.394716, 0.736000,-0.333666
0.736500,-0.399601, 0.736500,-0.380064
0.737000,-0.560773, 0.737000,-0.355644
0.737500,-0.538795, 0.737500,-0.304362
0.738000,-0.319014, 0.738000,-0.336109
0.738500,-0.485070, 0.738500,-0.372739
0.739000,-0.568099, 0.739000,-0.319014
0.739500,-0.443556, 0.739500,-0.333666
0.740000,-0.360528, 0.740000,-0.370296
0.740500,-0.565657, 0.740500,-0.375180
0.741000,-0.553447, 0.741000,-0.299478
0.741500,-0.365413, 0.741500,-0.424020
0.742000,-0.482629, 0.742000,-0.389833
0.742500,-0.580309, 0.742500,-0.326340
0.743000,-0.475303, 0.743000,-0.297036
0.743500,-0.314130, 0.743500,-0.367854
0.744000,-0.536353, 0.744000,-0.380064
0.744500,-0.563215, 0.744500,-0.309246
0.745000,-0.338550, 0.745000,-0.360528
0.745500,-0.448441, 0.745500,-0.387390
0.746000,-0.575424, 0.746000,-0.326340
0.746500,-0.480186, 0.746500,-0.301920
0.747000,-0.338550, 0.747000,-0.353202
0.747500,-0.541236, 0.747500,-0.375180
0.748000,-0.555889, 0.748000,-0.309246
0.748500,-0.350760, 0.748500,-0.336109
0.749000,-0.443556, 0.749000,-0.372739
0.749500,-0.580309, 0.749500,-0.321456
0.750000,-0.482629, 0.750000,-0.321456
0.750500,-0.331224, 0.750500,-0.375180
0.751000,-0.551005, 0.751000,-0.365413
0.751500,-0.560773, 0.751500,-0.304362
0.752000,-0.319014, 0.752000,-0.348318
0.752500,-0.460650, 0.752500,-0.377623
0.753000,-0.580309, 0.753000,-0.321456
0.753500,-0.448441, 0.753500,-0.323899
0.754000,-0.323899, 0.754000,-0.382506
0.754500,-0.560773, 0.754500,-0.333666
0.755000,-0.590076, 0.755000,-0.414253
0.755500,-0.309246, 0.755500,-0.340993
0.756000,-0.494839, 0.756000,-0.380064
0.756500,-0.577866, 0.756500,-0.321456
0.757000,-0.421579, 0.757000,-0.319014
0.757500,-0.355644, 0.757500,-0.465534
0.758000,-0.599845, 0.758000,-0.304362
0.758500,-0.524143, 0.758500,-0.358086
0.759000,-0.316573, 0.759000,-0.370296
0.759500,-0.489955, 0.759500,-0.370296
0.760000,-0.582750, 0.760000,-0.309246
0.760500,-0.404484, 0.760500,-0.326340
0.761000,-0.353202, 0.761000,-0.370296
0.761500,-0.558331, 0.761500,-0.355644
0.762000,-0.531469, 0.762000,-0.304362
0.762500,-0.304362, 0.762500,-0.340993
0.763000,-0.519259, 0.763000,-0.382506
0.763500,-0.587635, 0.763500,-0.294594
0.764000,-0.399601, 0.764000,-0.336109
0.764500,-0.392275, 0.764500,-0.365413
0.765000,-0.551005, 0.765000,-0.328783
0.765500,-0.504607, 0.765500,-0.297036
0.766000,-0.311688, 0.766000,-0.370296
0.766500,-0.524143, 0.766500,-0.380064
0.767000,-0.580309, 0.767000,-0.323899
0.767500,-0.367854, 0.767500,-0.338550
0.768000,-0.404484, 0.768000,-0.382506
0.768500,-0.565657, 0.768500,-0.336109
0.769000,-0.487513, 0.769000,-0.311688
0.769500,-0.331224, 0.769500,-0.350760
0.770000,-0.538795, 0.770000,-0.362970
0.770500,-0.568099, 0.770500,-0.297036
0.771000,-0.336109, 0.771000,-0.343435
0.771500,-0.455767, 0.771500,-0.372739
0.772000,-0.575424, 0.772000,-0.316573
0.772500,-0.431346, 0.772500,-0.333666
0.773000,-0.365413, 0.773000,-0.377623
0.773500,-0.553447, 0.773500,-0.340993
0.774000,-0.538795, 0.774000,-0.304362
0.774500,-0.316573, 0.774500,-0.370296
0.775000,-0.521700, 0.775000,-0.389833
0.775500,-0.568099, 0.775500,-0.304362
0.776000,-0.350760, 0.776000,-0.355644
0.776500,-0.414253, 0.776500,-0.382506
0.777000,-0.565657, 0.777000,-0.328783
0.777500,-0.472860, 0.777500,-0.326340
0.778000,-0.311688, 0.778000,-0.367854
0.778500,-0.568099, 0.778500,-0.375180
0.779000,-0.563215, 0.779000,-0.314130
0.779500,-0.316573, 0.779500,-0.355644
0.780000,-0.494839, 0.780000,-0.377623
0.780500,-0.577866, 0.780500,-0.294594
0.781000,-0.392275, 0.781000,-0.326340
0.781500,-0.382506, 0.781500,-0.362970
0.782000,-0.565657, 0.782000,-0.331224
0.782500,-0.502165, 0.782500,-0.301920
0.783000,-0.319014, 0.783000,-0.360528
0.783500,-0.538795, 0.783500,-0.377623
0.784000,-0.563215, 0.784000,-0.289710
0.784500,-0.340993, 0.784500,-0.343435
0.785000,-0.465534, 0.785000,-0.392275
0.785500,-0.585193, 0.785500,-0.309246
0.786000,-0.438673, 0.786000,-0.306804
0.786500,-0.355644, 0.786500,-0.362970
0.787000,-0.553447, 0.787000,-0.355644
0.787500,-0.526584, 0.787500,-0.306804
0.788000,-0.306804, 0.788000,-0.362970
0.788500,-0.524143, 0.788500,-0.382506
0.789000,-0.592519, 0.789000,-0.306804
0.789500,-0.387390, 0.789500,-0.314130
0.790000,-0.367854, 0.790000,-0.348318
0.790500,-0.592519, 0.790500,-0.304362
0.791000,-0.448441, 0.791000,-0.262848
0.791500,-0.319014, 0.791500,-0.362970
0.792000,-0.538795, 0.792000,-0.358086
0.792500,-0.568099, 0.792500,-0.297036
0.793000,-0.343435, 0.793000,-0.353202
0.793500,-0.485070, 0.793500,-0.389833
0.794000,-0.585193, 0.794000,-0.292152
0.794500,-0.416694, 0.794500,-0.338550
0.795000,-0.409368, 0.795000,-0.387390
0.795500,-0.575424, 0.795500,-0.321456
0.796000,-0.485070, 0.796000,-0.309246
0.796500,-0.336109, 0.796500,-0.372739
0.797000,-0.553447, 0.797000,-0.345876
0.797500,-0.548563, 0.797500,-0.294594
0.798000,-0.326340, 0.798000,-0.345876
0.798500,-0.504607, 0.798500,-0.387390
0.799000,-0.587635, 0.799000,-0.297036
0.799500,-0.370296, 0.799500,-0.350760
0.800000,-0.438673, 0.800000,-0.394716
0.800500,-0.568099, 0.800500,-0.319014
0.801000,-0.441115, 0.801000,-0.309246
0.801500,-0.343435, 0.801500,-0.375180
0.802000,-0.546121, 0.802000,-0.365413
0.802500,-0.521700, 0.802500,-0.297036
0.803000,-0.316573, 0.803000,-0.345876
0.803500,-0.519259, 0.803500,-0.375180
0.804000,-0.580309, 0.804000,-0.304362
0.804500,-0.345876, 0.804500,-0.353202
0.805000,-0.441115, 0.805000,-0.372739
0.805500,-0.570540, 0.805500,-0.297036
0.806000,-0.421579, 0.806000,-0.326340
0.806500,-0.380064, 0.806500,-0.384949
0.807000,-0.563215, 0.807000,-0.338550
0.807500,-0.514374, 0.807500,-0.314130
0.808000,-0.340993, 0.808000,-0.384949
0.808500,-0.529026, 0.808500,-0.367854
0.809000,-0.558331, 0.809000,-0.289710
0.809500,-0.336109, 0.809500,-0.360528
0.810000,-0.485070, 0.810000,-0.384949
0.810500,-0.570540, 0.810500,-0.297036
0.811000,-0.365413, 0.811000,-0.326340
0.811500,-0.419136, 0.811500,-0.380064
0.812000,-0.563215, 0.812000,-0.314130
0.812500,-0.443556, 0.812500,-0.306804
0.813000,-0.340993, 0.813000,-0.360528
0.813500,-0.541236, 0.813500,-0.345876
0.814000,-0.533910, 0.814000,-0.287269
0.814500,-0.328783, 0.814500,-0.367854
0.815000,-0.497281, 0.815000,-0.358086
0.815500,-0.568099, 0.815500,-0.299478
0.816000,-0.355644, 0.816000,-0.340993
0.816500,-0.465534, 0.816500,-0.367854
0.817000,-0.572983, 0.817000,-0.294594
0.817500,-0.421579, 0.817500,-0.323899
0.818000,-0.428904, 0.818000,-0.387390
0.818500,-0.538795, 0.818500,-0.304362
0.819000,-0.565657, 0.819000,-0.336109
0.819500,-0.526584, 0.819500,-0.304362
0.820000,-0.297036, 0.820000,-0.350760
0.820500,-0.526584, 0.820500,-0.389833
0.821000,-0.580309, 0.821000,-0.311688
0.821500,-0.387390, 0.821500,-0.343435
0.822000,-0.397159, 0.822000,-0.394716
0.822500,-0.565657, 0.822500,-0.338550
0.823000,-0.524143, 0.823000,-0.301920
0.823500,-0.299478, 0.823500,-0.360528
0.824000,-0.516816, 0.824000,-0.384949
0.824500,-0.597403, 0.824500,-0.297036
0.825000,-0.367854, 0.825000,-0.345876
0.825500,-0.419136, 0.825500,-0.387390
0.826000,-0.565657, 0.826000,-0.340993
0.826500,-0.502165, 0.826500,-0.323899
0.827000,-0.316573, 0.827000,-0.353202
0.827500,-0.533910, 0.827500,-0.380064
0.828000,-0.590076, 0.828000,-0.304362
0.828500,-0.343435, 0.828500,-0.333666
0.829000,-0.443556, 0.829000,-0.382506
0.829500,-0.572983, 0.829500,-0.338550
0.830000,-0.458209, 0.830000,-0.292152
0.830500,-0.301920, 0.830500,-0.355644
0.831000,-0.529026, 0.831000,-0.353202
0.831500,-0.572983, 0.831500,-0.289710
0.832000,-0.343435, 0.832000,-0.345876
0.832500,-0.450883, 0.832500,-0.377623
0.833000,-0.563215, 0.833000,-0.319014
0.833500,-0.448441, 0.833500,-0.319014
0.834000,-0.355644, 0.834000,-0.370296
0.834500,-0.543679, 0.834500,-0.345876
0.835000,-0.553447, 0.835000,-0.297036
0.835500,-0.328783, 0.835500,-0.316573
0.836000,-0.514374, 0.836000,-0.480186
0.836500,-0.594961, 0.836500,-0.265290
0.837000,-0.384949, 0.837000,-0.338550
0.837500,-0.409368, 0.837500,-0.384949
0.838000,-0.563215, 0.838000,-0.333666
0.838500,-0.507049, 0.838500,-0.309246
0.839000,-0.326340, 0.839000,-0.365413
0.839500,-0.551005, 0.839500,-0.372739
0.840000,-0.570540, 0.840000,-0.282384
0.840500,-0.331224, 0.840500,-0.340993
0.841000,-0.475303, 0.841000,-0.389833
0.841500,-0.568099, 0.841500,-0.311688
0.842000,-0.431346, 0.842000,-0.319014
0.842500,-0.360528, 0.842500,-0.375180
0.843000,-0.555889, 0.843000,-0.333666
0.843500,-0.533910, 0.843500,-0.309246
0.844000,-0.301920, 0.844000,-0.360528
0.844500,-0.538795, 0.844500,-0.382506
0.845000,-0.597403, 0.845000,-0.299478
0.845500,-0.362970, 0.845500,-0.338550
0.846000,-0.431346, 0.846000,-0.367854
0.846500,-0.555889, 0.846500,-0.319014
0.847000,-0.470419, 0.847000,-0.304362
0.847500,-0.331224, 0.847500,-0.365413
0.848000,-0.538795, 0.848000,-0.355644
0.848500,-0.553447, 0.848500,-0.301920
0.849000,-0.314130, 0.849000,-0.353202
0.849500,-0.497281, 0.849500,-0.389833
0.850000,-0.580309, 0.850000,-0.299478
0.850500,-0.404484, 0.850500,-0.340993
0.851000,-0.387390, 0.851000,-0.392275
0.851500,-0.563215, 0.851500,-0.333666
0.852000,-0.502165, 0.852000,-0.304362
0.852500,-0.316573, 0.852500,-0.377623
0.853000,-0.526584, 0.853000,-0.370296
0.853500,-0.572983, 0.853500,-0.289710
0.854000,-0.348318, 0.854000,-0.348318
0.854500,-0.460650, 0.854500,-0.375180
0.855000,-0.568099, 0.855000,-0.297036
0.855500,-0.441115, 0.855500,-0.338550
0.856000,-0.360528, 0.856000,-0.362970
0.856500,-0.548563, 0.856500,-0.343435
0.857000,-0.551005, 0.857000,-0.304362
0.857500,-0.319014, 0.857500,-0.375180
0.858000,-0.511933, 0.858000,-0.343435
0.858500,-0.572983, 0.858500,-0.289710
0.859000,-0.360528, 0.859000,-0.340993
0.859500,-0.441115, 0.859500,-0.372739
0.860000,-0.570540, 0.860000,-0.314130
0.860500,-0.436230, 0.860500,-0.316573
0.861000,-0.375180, 0.861000,-0.372739
0.861500,-0.555889, 0.861500,-0.331224
0.862000,-0.526584, 0.862000,-0.299478
0.862500,-0.319014, 0.862500,-0.362970
0.863000,-0.509491, 0.863000,-0.370296
0.863500,-0.558331, 0.863500,-0.294594
0.864000,-0.345876, 0.864000,-0.355644
0.864500,-0.477744, 0.864500,-0.377623
0.865000,-0.575424, 0.865000,-0.301920
0.865500,-0.404484, 0.865500,-0.314130
0.866000,-0.387390, 0.866000,-0.382506
0.866500,-0.555889, 0.866500,-0.331224
0.867000,-0.494839, 0.867000,-0.301920
0.867500,-0.343435, 0.867500,-0.382506
0.868000,-0.538795, 0.868000,-0.362970
0.868500,-0.553447, 0.868500,-0.287269
0.869000,-0.336109, 0.869000,-0.360528
0.869500,-0.504607, 0.869500,-0.372739
0.870000,-0.585193, 0.870000,-0.299478
0.870500,-0.409368, 0.870500,-0.311688
0.871000,-0.419136, 0.871000,-0.467976
0.871500,-0.619381, 0.871500,-0.179820
0.872000,-0.443556, 0.872000,-0.331224
0.872500,-0.350760, 0.872500,-0.370296
0.873000,-0.543679, 0.873000,-0.328783
0.873500,-0.519259, 0.873500,-0.301920
0.874000,-0.323899, 0.874000,-0.362970
0.874500,-0.502165, 0.874500,-0.365413
0.875000,-0.572983, 0.875000,-0.279943
0.875500,-0.353202, 0.875500,-0.353202
0.876000,-0.455767, 0.876000,-0.392275
0.876500,-0.568099, 0.876500,-0.323899
0.877000,-0.404484, 0.877000,-0.306804
0.877500,-0.362970, 0.877500,-0.367854
0.878000,-0.565657, 0.878000,-0.331224
0.878500,-0.509491, 0.878500,-0.304362
0.879000,-0.358086, 0.879000,-0.375180
0.879500,-0.521700, 0.879500,-0.355644
0.880000,-0.558331, 0.880000,-0.284826
0.880500,-0.340993, 0.880500,-0.362970
0.881000,-0.494839, 0.881000,-0.377623
0.881500,-0.558331, 0.881500,-0.297036
0.882000,-0.370296, 0.882000,-0.340993
0.882500,-0.438673, 0.882500,-0.380064
0.883000,-0.580309, 0.883000,-0.301920
0.883500,-0.428904, 0.883500,-0.319014
0.884000,-0.397159, 0.884000,-0.382506
0.884500,-0.551005, 0.884500,-0.331224
0.885000,-0.492396, 0.885000,-0.311688
0.885500,-0.355644, 0.885500,-0.380064
0.886000,-0.526584, 0.886000,-0.355644
0.886500,-0.538795, 0.886500,-0.297036
0.887000,-0.333666, 0.887000,-0.360528
0.887500,-0.497281, 0.887500,-0.360528
0.888000,-0.575424, 0.888000,-0.287269
0.888500,-0.362970, 0.888500,-0.343435
0.889000,-0.463093, 0.889000,-0.370296
0.889500,-0.577866, 0.889500,-0.297036
0.890000,-0.389833, 0.890000,-0.338550
0.890500,-0.431346, 0.890500,-0.389833
0.891000,-0.568099, 0.891000,-0.314130
0.891500,-0.448441, 0.891500,-0.311688
0.892000,-0.394716, 0.892000,-0.384949
0.892500,-0.533910, 0.892500,-0.328783
0.893000,-0.487513, 0.893000,-0.287269
0.893500,-0.345876, 0.893500,-0.380064
0.894000,-0.519259, 0.894000,-0.336109
0.894500,-0.541236, 0.894500,-0.301920
0.895000,-0.331224, 0.895000,-0.380064
0.895500,-0.494839, 0.895500,-0.380064
0.896000,-0.572983, 0.896000,-0.297036
0.896500,-0.350760, 0.896500,-0.331224
0.897000,-0.453325, 0.897000,-0.375180
0.897500,-0.582750, 0.897500,-0.311688
0.898000,-0.402043, 0.898000,-0.323899
0.898500,-0.414253, 0.898500,-0.384949
0.899000,-0.560773, 0.899000,-0.331224
0.899500,-0.458209, 0.899500,-0.304362
0.900000,-0.355644, 0.900000,-0.375180
0.900500,-0.553447, 0.900500,-0.333666
0.901000,-0.526584, 0.901000,-0.306804
0.901500,-0.338550, 0.901500,-0.355644
0.902000,-0.507049, 0.902000,-0.360528
0.902500,-0.551005, 0.902500,-0.306804
0.903000,-0.350760, 0.903000,-0.367854
0.903500,-0.492396, 0.903500,-0.382506
0.904000,-0.570540, 0.904000,-0.294594
0.904500,-0.365413, 0.904500,-0.365413
0.905000,-0.453325, 0.905000,-0.336109
0.905500,-0.543679, 0.905500,-0.306804
0.906000,-0.419136, 0.906000,-0.323899
0.906500,-0.416694, 0.906500,-0.397159
0.907000,-0.543679, 0.907000,-0.321456
0.907500,-0.453325, 0.907500,-0.321456
0.908000,-0.397159, 0.908000,-0.389833
0.908500,-0.543679, 0.908500,-0.321456
0.909000,-0.482629, 0.909000,-0.319014
0.909500,-0.370296, 0.909500,-0.380064
0.910000,-0.485070, 0.910000,-0.328783
0.910500,-0.509491, 0.910500,-0.304362
0.911000,-0.365413, 0.911000,-0.392275
0.911500,-0.499723, 0.911500,-0.360528
0.912000,-0.543679, 0.912000,-0.306804
0.912500,-0.353202, 0.912500,-0.358086
0.913000,-0.494839, 0.913000,-0.360528
0.913500,-0.555889, 0.913500,-0.297036
0.914000,-0.382506, 0.914000,-0.350760
0.914500,-0.467976, 0.914500,-0.365413
0.915000,-0.565657, 0.915000,-0.311688
0.915500,-0.404484, 0.915500,-0.367854
0.916000,-0.455767, 0.916000,-0.389833
0.916500,-0.555889, 0.916500,-0.301920
0.917000,-0.404484, 0.917000,-0.338550
0.917500,-0.443556, 0.917500,-0.382506
0.918000,-0.555889, 0.918000,-0.316573
0.918500,-0.441115, 0.918500,-0.338550
0.919000,-0.414253, 0.919000,-0.384949
0.919500,-0.541236, 0.919500,-0.328783
0.920000,-0.455767, 0.920000,-0.299478
0.920500,-0.384949, 0.920500,-0.377623
0.921000,-0.529026, 0.921000,-0.333666
0.921500,-0.485070, 0.921500,-0.309246
0.922000,-0.355644, 0.922000,-0.353202
0.922500,-0.502165, 0.922500,-0.309246
0.923000,-0.504607, 0.923000,-0.289710
0.923500,-0.394716, 0.923500,-0.365413
0.924000,-0.511933, 0.924000,-0.355644
0.924500,-0.533910, 0.924500,-0.289710
0.925000,-0.358086, 0.925000,-0.358086
0.925500,-0.487513, 0.925500,-0.367854
0.926000,-0.565657, 0.926000,-0.309246
0.926500,-0.384949, 0.926500,-0.362970
0.927000,-0.485070, 0.927000,-0.377623
0.927500,-0.572983, 0.927500,-0.309246
0.928000,-0.384949, 0.928000,-0.338550
0.928500,-0.458209, 0.928500,-0.375180
0.929000,-0.551005, 0.929000,-0.306804
0.929500,-0.416694, 0.929500,-0.338550
0.930000,-0.426463, 0.930000,-0.382506
0.930500,-0.538795, 0.930500,-0.314130
0.931000,-0.450883, 0.931000,-0.328783
0.931500,-0.419136, 0.931500,-0.384949
0.932000,-0.529026, 0.932000,-0.314130
0.932500,-0.465534, 0.932500,-0.314130
0.933000,-0.411810, 0.933000,-0.382506
0.933500,-0.524143, 0.933500,-0.348318
0.934000,-0.480186, 0.934000,-0.319014
0.934500,-0.384949, 0.934500,-0.375180
0.935000,-0.519259, 0.935000,-0.323899
0.935500,-0.472860, 0.935500,-0.306804
0.936000,-0.397159, 0.936000,-0.377623
0.936500,-0.516816, 0.936500,-0.350760
0.937000,-0.489955, 0.937000,-0.314130
0.937500,-0.394716, 0.937500,-0.380064
0.938000,-0.507049, 0.938000,-0.331224
0.938500,-0.489955, 0.938500,-0.297036
0.939000,-0.411810, 0.939000,-0.365413
0.939500,-0.497281, 0.939500,-0.338550
0.940000,-0.492396, 0.940000,-0.304362
0.940500,-0.370296, 0.940500,-0.355644
0.941000,-0.507049, 0.941000,-0.340993
0.941500,-0.497281, 0.941500,-0.301920
0.942000,-0.397159, 0.942000,-0.367854
0.942500,-0.494839, 0.942500,-0.338550
0.943000,-0.519259, 0.943000,-0.306804
0.943500,-0.370296, 0.943500,-0.350760
0.944000,-0.507049, 0.944000,-0.350760
0.944500,-0.514374, 0.944500,-0.319014
0.945000,-0.384949, 0.945000,-0.380064
0.945500,-0.497281, 0.945500,-0.360528
0.946000,-0.519259, 0.946000,-0.319014
0.946500,-0.402043, 0.946500,-0.362970
0.947000,-0.504607, 0.947000,-0.353202
0.947500,-0.529026, 0.947500,-0.306804
0.948000,-0.387390, 0.948000,-0.362970
0.948500,-0.494839, 0.948500,-0.350760
0.949000,-0.541236, 0.949000,-0.314130
0.949500,-0.387390, 0.949500,-0.355644
0.950000,-0.470419, 0.950000,-0.348318
0.950500,-0.531469, 0.950500,-0.292152
0.951000,-0.389833, 0.951000,-0.350760
0.951500,-0.472860, 0.951500,-0.372739
0.952000,-0.526584, 0.952000,-0.306804
0.952500,-0.402043, 0.952500,-0.467976
0.953000,-0.514374, 0.953000,-0.358086
0.953500,-0.521700, 0.953500,-0.326340
0.954000,-0.402043, 0.954000,-0.360528
0.954500,-0.475303, 0.954500,-0.375180
0.955000,-0.536353, 0.955000,-0.309246
0.955500,-0.375180, 0.955500,-0.306804
0.956000,-0.465534, 0.956000,-0.389833
0.956500,-0.485070, 0.956500,-0.333666
0.957000,-0.416694, 0.957000,-0.360528
0.957500,-0.472860, 0.957500,-0.375180
0.958000,-0.548563, 0.958000,-0.297036
0.958500,-0.394716, 0.958500,-0.350760
0.959000,-0.433789, 0.959000,-0.367854
0.959500,-0.555889, 0.959500,-0.299478
0.960000,-0.402043, 0.960000,-0.338550
0.960500,-0.445999, 0.960500,-0.375180
0.961000,-0.553447, 0.961000,-0.309246
0.961500,-0.404484, 0.961500,-0.331224
0.962000,-0.445999, 0.962000,-0.387390
0.962500,-0.536353, 0.962500,-0.309246
0.963000,-0.421579, 0.963000,-0.338550
0.963500,-0.455767, 0.963500,-0.380064
0.964000,-0.531469, 0.964000,-0.304362
0.964500,-0.426463, 0.964500,-0.343435
0.965000,-0.470419, 0.965000,-0.387390
0.965500,-0.541236, 0.965500,-0.297036
0.966000,-0.421579, 0.966000,-0.353202
0.966500,-0.455767, 0.966500,-0.370296
0.967000,-0.526584, 0.967000,-0.282384
0.967500,-0.409368, 0.967500,-0.343435
0.968000,-0.482629, 0.968000,-0.377623
0.968500,-0.531469, 0.968500,-0.294594
0.969000,-0.389833, 0.969000,-0.345876
0.969500,-0.475303, 0.969500,-0.382506
0.970000,-0.529026, 0.970000,-0.297036
0.970500,-0.419136, 0.970500,-0.384949
0.971000,-0.475303, 0.971000,-0.377623
0.971500,-0.546121, 0.971500,-0.282384
0.972000,-0.399601, 0.972000,-0.350760
0.972500,-0.482629, 0.972500,-0.367854
0.973000,-0.529026, 0.973000,-0.284826
0.973500,-0.387390, 0.973500,-0.375180
0.974000,-0.485070, 0.974000,-0.370296
0.974500,-0.511933, 0.974500,-0.301920
0.975000,-0.399601, 0.975000,-0.350760
0.975500,-0.480186, 0.975500,-0.348318
0.976000,-0.514374, 0.976000,-0.279943
0.976500,-0.424020, 0.976500,-0.365413
0.977000,-0.502165, 0.977000,-0.345876
0.977500,-0.504607, 0.977500,-0.304362
0.978000,-0.409368, 0.978000,-0.389833
0.978500,-0.504607, 0.978500,-0.372739
0.979000,-0.507049, 0.979000,-0.301920
0.979500,-0.397159, 0.979500,-0.382506
0.980000,-0.494839, 0.980000,-0.365413
0.980500,-0.514374, 0.980500,-0.328783
0.981000,-0.399601, 0.981000,-0.372739
0.981500,-0.497281, 0.981500,-0.348318
0.982000,-0.482629, 0.982000,-0.292152
0.982500,-0.392275, 0.982500,-0.367854
0.983000,-0.511933, 0.983000,-0.348318
0.983500,-0.472860, 0.983500,-0.297036
0.984000,-0.411810, 0.984000,-0.370296
0.984500,-0.533910, 0.984500,-0.333666
0.985000,-0.485070, 0.985000,-0.319014
0.985500,-0.411810, 0.985500,-0.382506
0.986000,-0.533910, 0.986000,-0.343435
0.986500,-0.455767, 0.986500,-0.306804
0.987000,-0.411810, 0.987000,-0.355644
0.987500,-0.526584, 0.987500,-0.316573
0.988000,-0.467976, 0.988000,-0.321456
0.988500,-0.424020, 0.988500,-0.387390
0.989000,-0.524143, 0.989000,-0.345876
0.989500,-0.482629, 0.989500,-0.282384
0.990000,-0.426463, 0.990000,-0.380064
0.990500,-0.524143, 0.990500,-0.311688
0.991000,-0.443556, 0.991000,-0.328783
0.991500,-0.441115, 0.991500,-0.382506
0.992000,-0.533910, 0.992000,-0.304362
0.992500,-0.438673, 0.992500,-0.340993
0.993000,-0.467976, 0.993000,-0.392275
0.993500,-0.524143, 0.993500,-0.304362
0.994000,-0.411810, 0.994000,-0.343435
0.994500,-0.475303, 0.994500,-0.370296
0.995000,-0.533910, 0.995000,-0.301920
0.995500,-0.409368, 0.995500,-0.340993
0.996000,-0.463093, 0.996000,-0.360528
0.996500,-0.509491, 0.996500,-0.304362
0.997000,-0.414253, 0.997000,-0.360528
0.997500,-0.487513, 0.997500,-0.370296
0.998000,-0.502165, 0.998000,-0.301920
0.998500,-0.404484, 0.998500,-0.365413
0.999000,-0.502165, 0.999000,-0.340993
0.999500,-0.489955, 0.999500,-0.314130
1.000000,-0.411810, 1.000000,-0.362970
1.000500,-0.509491, 1.000500,-0.333666
1.001000,-0.443556, 1.001000,-0.316573
1.001500,-0.421579, 1.001500,-0.387390
1.002000,-0.524143, 1.002000,-0.333666
1.002500,-0.445999, 1.002500,-0.328783
1.003000,-0.419136, 1.003000,-0.375180
1.003500,-0.536353, 1.003500,-0.331224
1.004000,-0.436230, 1.004000,-0.348318
1.004500,-0.463093, 1.004500,-0.384949
1.005000,-0.524143, 1.005000,-0.306804
1.005500,-0.419136, 1.005500,-0.340993
1.006000,-0.453325, 1.006000,-0.380064
1.006500,-0.516816, 1.006500,-0.292152
1.007000,-0.394716, 1.007000,-0.350760
1.007500,-0.467976, 1.007500,-0.360528
1.008000,-0.519259, 1.008000,-0.306804
1.008500,-0.414253, 1.008500,-0.365413
1.009000,-0.492396, 1.009000,-0.358086
1.009500,-0.509491, 1.009500,-0.294594
1.010000,-0.399601, 1.010000,-0.370296
1.010500,-0.509491, 1.010500,-0.353202
1.011000,-0.489955, 1.011000,-0.304362
1.011500,-0.397159, 1.011500,-0.365413
1.012000,-0.509491, 1.012000,-0.336109
1.012500,-0.438673, 1.012500,-0.326340
1.013000,-0.428904, 1.013000,-0.384949
1.013500,-0.536353, 1.013500,-0.328783
1.014000,-0.431346, 1.014000,-0.323899
1.014500,-0.433789, 1.014500,-0.392275
1.015000,-0.538795, 1.015000,-0.323899
1.015500,-0.428904, 1.015500,-0.340993
1.016000,-0.438673, 1.016000,-0.377623
1.016500,-0.538795, 1.016500,-0.294594
1.017000,-0.426463, 1.017000,-0.338550
1.017500,-0.453325, 1.017500,-0.348318
1.018000,-0.526584, 1.018000,-0.301920
1.018500,-0.411810, 1.018500,-0.355644
1.019000,-0.480186, 1.019000,-0.362970
1.019500,-0.487513, 1.019500,-0.277500
1.020000,-0.394716, 1.020000,-0.365413
1.020500,-0.489955, 1.020500,-0.355644
1.021000,-0.511933, 1.021000,-0.299478
1.021500,-0.406926, 1.021500,-0.345876
1.022000,-0.499723, 1.022000,-0.340993
1.022500,-0.480186, 1.022500,-0.314130
1.023000,-0.424020, 1.023000,-0.384949
1.023500,-0.497281, 1.023500,-0.328783
1.024000,-0.441115, 1.024000,-0.319014
1.024500,-0.445999, 1.024500,-0.377623
1.025000,-0.546121, 1.025000,-0.314130
1.025500,-0.409368, 1.025500,-0.321456
1.026000,-0.453325, 1.026000,-0.355644
1.026500,-0.519259, 1.026500,-0.316573
1.027000,-0.421579, 1.027000,-0.358086
1.027500,-0.480186, 1.027500,-0.355644
1.028000,-0.499723, 1.028000,-0.297036
1.028500,-0.424020, 1.028500,-0.387390
1.029000,-0.533910, 1.029000,-0.358086
1.029500,-0.465534, 1.029500,-0.297036
1.030000,-0.433789, 1.030000,-0.394716
1.030500,-0.524143, 1.030500,-0.323899
1.031000,-0.443556, 1.031000,-0.321456
1.031500,-0.453325, 1.031500,-0.389833
1.032000,-0.536353, 1.032000,-0.301920
1.032500,-0.426463, 1.032500,-0.355644
1.033000,-0.477744, 1.033000,-0.382506
1.033500,-0.536353, 1.033500,-0.306804
1.034000,-0.421579, 1.034000,-0.355644
1.034500,-0.485070, 1.034500,-0.360528
1.035000,-0.485070, 1.035000,-0.297036
1.035500,-0.404484, 1.035500,-0.360528
1.036000,-0.511933, 1.036000,-0.340993
1.036500,-0.445999, 1.036500,-0.343435
1.037000,-0.436230, 1.037000,-0.375180
1.037500,-0.531469, 1.037500,-0.326340
1.038000,-0.428904, 1.038000,-0.333666
1.038500,-0.441115, 1.038500,-0.394716
1.039000,-0.541236, 1.039000,-0.311688
1.039500,-0.382506, 1.039500,-0.299478
1.040000,-0.458209, 1.040000,-0.375180
1.040500,-0.507049, 1.040500,-0.301920
1.041000,-0.411810, 1.041000,-0.353202
1.041500,-0.485070, 1.041500,-0.355644
1.042000,-0.485070, 1.042000,-0.294594
1.042500,-0.428904, 1.042500,-0.384949
1.043000,-0.526584, 1.043000,-0.338550
1.043500,-0.455767, 1.043500,-0.311688
1.044000,-0.436230, 1.044000,-0.387390
1.044500,-0.533910, 1.044500,-0.309246
1.045000,-0.433789, 1.045000,-0.319014
1.045500,-0.460650, 1.045500,-0.402043
1.046000,-0.524143, 1.046000,-0.316573
1.046500,-0.365413, 1.046500,-0.316573
1.047000,-0.489955, 1.047000,-0.372739
1.047500,-0.516816, 1.047500,-0.331224
1.048000,-0.419136, 1.048000,-0.365413
1.048500,-0.507049, 1.048500,-0.367854
1.049000,-0.494839, 1.049000,-0.321456
1.049500,-0.438673, 1.049500,-0.382506
1.050000,-0.516816, 1.050000,-0.336109
1.050500,-0.453325, 1.050500,-0.316573
1.051000,-0.433789, 1.051000,-0.387390
1.051500,-0.538795, 1.051500,-0.323899
1.052000,-0.387390, 1.052000,-0.387390
1.052500,-0.443556, 1.052500,-0.397159
1.053000,-0.536353, 1.053000,-0.314130
1.053500,-0.419136, 1.053500,-0.358086
1.054000,-0.465534, 1.054000,-0.367854
1.054500,-0.494839, 1.054500,-0.316573
1.055000,-0.419136, 1.055000,-0.380064
1.055500,-0.494839, 1.055500,-0.360528
1.056000,-0.472860, 1.056000,-0.314130
1.056500,-0.428904, 1.056500,-0.372739
1.057000,-0.509491, 1.057000,-0.316573
1.057500,-0.436230, 1.057500,-0.326340
1.058000,-0.436230, 1.058000,-0.358086
1.058500,-0.516816, 1.058500,-0.319014
1.059000,-0.414253, 1.059000,-0.358086
1.059500,-0.482629, 1.059500,-0.365413
1.060000,-0.470419, 1.060000,-0.292152
1.060500,-0.445999, 1.060500,-0.367854
1.061000,-0.526584, 1.061000,-0.336109
1.061500,-0.426463, 1.061500,-0.314130
1.062000,-0.448441, 1.062000,-0.377623
1.062500,-0.509491, 1.062500,-0.311688
1.063000,-0.424020, 1.063000,-0.338550
1.063500,-0.475303, 1.063500,-0.353202
1.064000,-0.494839, 1.064000,-0.323899
1.064500,-0.426463, 1.064500,-0.362970
1.065000,-0.499723, 1.065000,-0.350760
1.065500,-0.460650, 1.065500,-0.323899
1.066000,-0.460650, 1.066000,-0.392275
1.066500,-0.511933, 1.066500,-0.326340
1.067000,-0.433789, 1.067000,-0.331224
1.067500,-0.467976, 1.067500,-0.372739
1.068000,-0.497281, 1.068000,-0.297036
1.068500,-0.424020, 1.068500,-0.370296
1.069000,-0.436230, 1.069000,-0.416694
1.069500,-0.485070, 1.069500,-0.301920
1.070000,-0.448441, 1.070000,-0.375180
1.070500,-0.509491, 1.070500,-0.340993
1.071000,-0.450883, 1.071000,-0.321456
1.071500,-0.465534, 1.071500,-0.375180
1.072000,-0.509491, 1.072000,-0.309246
1.072500,-0.424020, 1.072500,-0.345876
1.073000,-0.467976, 1.073000,-0.382506
1.073500,-0.477744, 1.073500,-0.306804
1.074000,-0.431346, 1.074000,-0.367854
1.074500,-0.507049, 1.074500,-0.345876
1.075000,-0.443556, 1.075000,-0.294594
1.075500,-0.421579, 1.075500,-0.358086
1.076000,-0.521700, 1.076000,-0.336109
1.076500,-0.436230, 1.076500,-0.328783
1.077000,-0.460650, 1.077000,-0.372739
1.077500,-0.494839, 1.077500,-0.314130
1.078000,-0.441115, 1.078000,-0.365413
1.078500,-0.475303, 1.078500,-0.362970
1.079000,-0.458209, 1.079000,-0.321456
1.079500,-0.445999, 1.079500,-0.367854
1.080000,-0.521700, 1.080000,-0.338550
1.080500,-0.448441, 1.080500,-0.321456
1.081000,-0.460650, 1.081000,-0.382506
1.081500,-0.524143, 1.081500,-0.309246
1.082000,-0.426463, 1.082000,-0.345876
1.082500,-0.492396, 1.082500,-0.358086
1.083000,-0.504607, 1.083000,-0.292152
1.083500,-0.428904, 1.083500,-0.387390
1.084000,-0.509491, 1.084000,-0.321456
1.084500,-0.438673, 1.084500,-0.314130
1.085000,-0.433789, 1.085000,-0.377623
1.085500,-0.514374, 1.085500,-0.319014
1.086000,-0.433789, 1.086000,-0.340993
1.086500,-0.463093, 1.086500,-0.377623
1.087000,-0.480186, 1.087000,-0.306804
1.087500,-0.436230, 1.087500,-0.350760
1.088000,-0.492396, 1.088000,-0.350760
1.088500,-0.463093, 1.088500,-0.304362
1.089000,-0.443556, 1.089000,-0.382506
1.089500,-0.516816, 1.089500,-0.319014
1.090000,-0.441115, 1.090000,-0.336109
1.090500,-0.470419, 1.090500,-0.377623
1.091000,-0.482629, 1.091000,-0.287269
1.091500,-0.421579, 1.091500,-0.360528
1.092000,-0.475303, 1.092000,-0.358086
1.092500,-0.455767, 1.092500,-0.316573
1.093000,-0.445999, 1.093000,-0.377623
1.093500,-0.492396, 1.093500,-0.323899
1.094000,-0.431346, 1.094000,-0.319014
1.094500,-0.460650, 1.094500,-0.370296
1.095000,-0.504607, 1.095000,-0.314130
1.095500,-0.455767, 1.095500,-0.358086
1.096000,-0.504607, 1.096000,-0.367854
1.096500,-0.450883, 1.096500,-0.326340
1.097000,-0.472860, 1.097000,-0.367854
1.097500,-0.441115, 1.097500,-0.336109
1.098000,-0.482629, 1.098000,-0.292152
1.098500,-0.470419, 1.098500,-0.463093
1.099000,-0.477744, 1.099000,-0.316573
1.099500,-0.455767, 1.099500,-0.353202
1.100000,-0.489955, 1.100000,-0.348318
1.100500,-0.463093, 1.100500,-0.409368
1.101000,-0.472860, 1.101000,-0.384949
1.101500,-0.492396, 1.101500,-0.323899
1.102000,-0.443556, 1.102000,-0.316573
1.102500,-0.489955, 1.102500,-0.353202
1.103000,-0.463093, 1.103000,-0.306804
1.103500,-0.455767, 1.103500,-0.353202
1.104000,-0.502165, 1.104000,-0.345876
1.104500,-0.438673, 1.104500,-0.331224
1.105000,-0.455767, 1.105000,-0.340993
1.105500,-0.470419, 1.105500,-0.321456
1.106000,-0.436230, 1.106000,-0.358086
1.106500,-0.499723, 1.106500,-0.362970
1.107000,-0.428904, 1.107000,-0.301920
1.107500,-0.467976, 1.107500,-0.380064
1.108000,-0.492396, 1.108000,-0.326340
1.108500,-0.445999, 1.108500,-0.323899
1.109000,-0.485070, 1.109000,-0.358086
1.109500,-0.463093, 1.109500,-0.314130
1.110000,-0.465534, 1.110000,-0.372739
1.110500,-0.504607, 1.110500,-0.348318
1.111000,-0.431346, 1.111000,-0.326340
1.111500,-0.480186, 1.111500,-0.353202
1.112000,-0.485070, 1.112000,-0.314130
1.112500,-0.443556, 1.112500,-0.333666
1.113000,-0.507049, 1.113000,-0.370296
1.113500,-0.443556, 1.113500,-0.319014
1.114000,-0.445999, 1.114000,-0.345876
1.114500,-0.504607, 1.114500,-0.328783
1.115000,-0.428904, 1.115000,-0.328783
1.115500,-0.480186, 1.115500,-0.370296
1.116000,-0.482629, 1.116000,-0.306804
1.116500,-0.448441, 1.116500,-0.343435
1.117000,-0.504607, 1.117000,-0.343435
1.117500,-0.428904, 1.117500,-0.316573
1.118000,-0.467976, 1.118000,-0.362970
1.118500,-0.502165, 1.118500,-0.323899
1.119000,-0.438673, 1.119000,-0.358086
1.119500,-0.472860, 1.119500,-0.355644
1.120000,-0.455767, 1.120000,-0.299478
1.120500,-0.460650, 1.120500,-0.355644
1.121000,-0.543679, 1.121000,-0.348318
1.121500,-0.482629, 1.121500,-0.301920
1.122000,-0.375180, 1.122000,-0.372739
1.122500,-0.455767, 1.122500,-0.362970
1.123000,-0.551005, 1.123000,-0.306804
1.123500,-0.475303, 1.123500,-0.336109
1.124000,-0.431346, 1.124000,-0.333666
1.124500,-0.487513, 1.124500,-0.367854
1.125000,-0.502165, 1.125000,-0.362970
1.125500,-0.504607, 1.125500,-0.340993
1.126000,-0.499723, 1.126000,-0.323899
1.126500,-0.477744, 1.126500,-0.321456
1.127000,-0.472860, 1.127000,-0.323899
1.127500,-0.470419, 1.127500,-0.328783
1.128000,-0.455767, 1.128000,-0.309246
1.128500,-0.467976, 1.128500,-0.299478
1.129000,-0.431346, 1.129000,-0.275058
1.129500,-0.455767, 1.129500,-0.333666
1.130000,-0.431346, 1.130000,-0.348318
1.130500,-0.431346, 1.130500,-0.333666
1.131000,-0.433789, 1.131000,-0.372739
1.131500,-0.438673, 1.131500,-0.331224
1.132000,-0.448441, 1.132000,-0.399601
1.132500,-0.531469, 1.132500,-0.360528
1.133000,-0.570540, 1.133000,-0.443556
1.133500,-0.538795, 1.133500,-0.333666
1.134000,-0.514374, 1.134000,-0.345876
1.134500,-0.497281, 1.134500,-0.333666
1.135000,-0.480186, 1.135000,-0.323899
1.135500,-0.502165, 1.135500,-0.316573
1.136000,-0.463093, 1.136000,-0.306804
1.136500,-0.443556, 1.136500,-0.294594
1.137000,-0.458209, 1.137000,-0.319014
1.137500,-0.443556, 1.137500,-0.333666
