x-axis,1
second,Volt
-500.0000E-03,-1.1604271E+00
-499.5000E-03,-788.2462E-03
-499.0000E-03,-174.8593E-03
-498.5000E-03,+438.5276E-03
-498.0000E-03,+1.1712311E+00
-497.5000E-03,+1.6134422E+00
-497.0000E-03,+1.6718140E+00
-496.5000E-03,+1.7262462E+00
-496.0000E-03,+1.7340452E+00
-495.5000E-03,+1.6938442E+00
-495.0000E-03,+1.4124372E+00
-494.5000E-03,+715.9951E-03
-494.0000E-03,-30.9396E-03
-493.5000E-03,-703.9849E-03
-493.0000E-03,-1.2744374E+00
-492.5000E-03,-1.5974121E+00
-492.0000E-03,-1.6933318E+00
-491.5000E-03,-1.5469195E+00
-491.0000E-03,-1.1604271E+00
-490.5000E-03,-685.8943E-03
-490.0000E-03,-81.4323E-03
-489.5000E-03,+672.0150E-03
-489.0000E-03,+1.1582061E+00
-488.5000E-03,+1.7287389E+00
-488.0000E-03,+1.7015629E+00
-487.5000E-03,+1.7340452E+00
-487.0000E-03,+1.7223066E+00
-486.5000E-03,+1.5746079E+00
-486.0000E-03,+1.1622260E+00
-485.5000E-03,+307.6330E-03
-485.0000E-03,-477.0100E-03
-484.5000E-03,-999.6231E-03
-484.0000E-03,-1.4820352E+00
-483.5000E-03,-1.7025777E+00
-483.0000E-03,-1.6922058E+00
-482.5000E-03,-1.2798239E+00
-482.0000E-03,-907.6430E-03
-481.5000E-03,-235.8040E-03
-481.0000E-03,+495.6933E-03
-480.5000E-03,+1.2139248E+00
-480.0000E-03,+1.6568580E+00
-479.5000E-03,+1.7108088E+00
-479.0000E-03,+1.6602359E+00
-478.5000E-03,+1.7340452E+00
-478.0000E-03,+1.5873922E+00
-477.5000E-03,+1.0908291E+00
-477.0000E-03,+206.4070E-03
-476.5000E-03,-557.4121E-03
-476.0000E-03,-1.2006281E+00
-475.5000E-03,-1.6284475E+00
-475.0000E-03,-1.7674620E+00
-474.5000E-03,-1.6766882E+00
-474.0000E-03,-1.1604271E+00
-473.5000E-03,-678.0151E-03
-473.0000E-03,+126.0050E-03
-472.5000E-03,+857.2616E-03
-472.0000E-03,+1.6134422E+00
-471.5000E-03,+1.7340452E+00
-471.0000E-03,+1.6952911E+00
-470.5000E-03,+1.6938442E+00
-470.0000E-03,+1.7147484E+00
-469.5000E-03,+1.4335019E+00
-469.0000E-03,+528.1755E-03
-468.5000E-03,-265.7936E-03
-468.0000E-03,-1.0202064E+00
-467.5000E-03,-1.5222362E+00
-467.0000E-03,-1.7243672E+00
-466.5000E-03,-1.7232412E+00
-466.0000E-03,-1.3212311E+00
-465.5000E-03,-798.6181E-03
-465.0000E-03,-37.2114E-03
-464.5000E-03,+688.8191E-03
-464.0000E-03,+1.5330402E+00
-463.5000E-03,+1.6938442E+00
-463.0000E-03,+1.6938442E+00
-462.5000E-03,+1.6817847E+00
-462.0000E-03,+1.7182868E+00
-461.5000E-03,+1.4472516E+00
-461.0000E-03,+447.6131E-03
-460.5000E-03,-421.4518E-03
-460.0000E-03,-1.0800251E+00
-459.5000E-03,-1.6026382E+00
-459.0000E-03,-1.7973714E+00
-458.5000E-03,-1.6663965E+00
-458.0000E-03,-1.1874426E+00
-457.5000E-03,-522.8383E-03
-457.0000E-03,+181.3225E-03
-456.5000E-03,+1.1087592E+00
-456.0000E-03,+1.6536432E+00
-455.5000E-03,+1.6953714E+00
-455.0000E-03,+1.6938442E+00
-454.5000E-03,+1.7340452E+00
-454.0000E-03,+1.6938442E+00
-453.5000E-03,+890.0648E-03
-453.0000E-03,+5.4020E-03
-452.5000E-03,-898.7181E-03
-452.0000E-03,-1.4109593E+00
-451.5000E-03,-1.7634422E+00
-451.0000E-03,-1.7520246E+00
-450.5000E-03,-1.3212311E+00
-450.0000E-03,-798.6181E-03
-449.5000E-03,-32.4668E-03
-449.0000E-03,+875.0312E-03
-448.5000E-03,+1.6365181E+00
-448.0000E-03,+1.7005974E+00
-447.5000E-03,+1.6938442E+00
-447.0000E-03,+1.6938442E+00
-446.5000E-03,+1.7096828E+00
-446.0000E-03,+951.8922E-03
-445.5000E-03,+71.0887E-03
-445.0000E-03,-879.0201E-03
-444.5000E-03,-1.4785796E+00
-444.0000E-03,-1.7357821E+00
-443.5000E-03,-1.7696337E+00
-443.0000E-03,-1.3212311E+00
-442.5000E-03,-691.2808E-03
-442.0000E-03,+126.0050E-03
-441.5000E-03,+1.0506281E+00
-441.0000E-03,+1.6893429E+00
-440.5000E-03,+1.6776017E+00
-440.0000E-03,+1.7324378E+00
-439.5000E-03,+1.6938442E+00
-439.0000E-03,+1.6727795E+00
-438.5000E-03,+718.3273E-03
-438.0000E-03,-315.8851E-03
-437.5000E-03,-1.1704780E+00
-437.0000E-03,-1.6836847E+00
-436.5000E-03,-1.8036432E+00
-436.0000E-03,-1.6418737E+00
-435.5000E-03,-1.1377524E+00
-435.0000E-03,-276.0050E-03
-434.5000E-03,+680.6992E-03
-434.0000E-03,+1.5352921E+00
-433.5000E-03,+1.7064680E+00
-433.0000E-03,+1.6938442E+00
-432.5000E-03,+1.7340452E+00
-432.0000E-03,+1.6973826E+00
-431.5000E-03,+1.0630086E+00
-431.0000E-03,-10.5169E-03
-430.5000E-03,-959.4221E-03
-430.0000E-03,-1.6380143E+00
-429.5000E-03,-1.7786389E+00
-429.0000E-03,-1.7525060E+00
-428.5000E-03,-1.2006281E+00
-428.0000E-03,-452.5648E-03
-427.5000E-03,+544.4982E-03
-427.0000E-03,+1.5061851E+00
-426.5000E-03,+1.6938442E+00
-426.0000E-03,+1.7266474E+00
-425.5000E-03,+1.7340452E+00
-425.0000E-03,+1.7340452E+00
-424.5000E-03,+1.0908291E+00
-424.0000E-03,-20.6506E-03
-423.5000E-03,-995.4454E-03
-423.0000E-03,-1.6428392E+00
-422.5000E-03,-1.7642446E+00
-422.0000E-03,-1.7534715E+00
-421.5000E-03,-1.1604271E+00
-421.0000E-03,-325.6926E-03
-420.5000E-03,+729.9053E-03
-420.0000E-03,+1.6825871E+00
-419.5000E-03,+1.6938442E+00
-419.0000E-03,+1.6536432E+00
-418.5000E-03,+1.7318735E+00
-418.0000E-03,+1.7089581E+00
-417.5000E-03,+740.6758E-03
-417.0000E-03,-389.6943E-03
-416.5000E-03,-1.2442873E+00
-416.0000E-03,-1.7759832E+00
-415.5000E-03,-1.8278451E+00
-415.0000E-03,-1.4820352E+00
-414.5000E-03,-758.4171E-03
-414.0000E-03,+191.2906E-03
-413.5000E-03,+1.1310301E+00
-413.0000E-03,+1.6938442E+00
-412.5000E-03,+1.6938442E+00
-412.0000E-03,+1.7176423E+00
-411.5000E-03,+1.7340452E+00
-411.0000E-03,+1.2083778E+00
-410.5000E-03,+38.2855E-03
-410.0000E-03,-1.0221347E+00
-409.5000E-03,-1.6709004E+00
-409.0000E-03,-1.8420763E+00
-408.5000E-03,-1.6514432E+00
-408.0000E-03,-1.0398241E+00
-407.5000E-03,-75.0000E-03
-407.0000E-03,+1.0089828E+00
-406.5000E-03,+1.6536432E+00
-406.0000E-03,+1.6938442E+00
-405.5000E-03,+1.6842773E+00
-405.0000E-03,+1.6938442E+00
-404.5000E-03,+1.3834130E+00
-404.0000E-03,+200.6141E-03
-403.5000E-03,-942.8613E-03
-403.0000E-03,-1.7190583E+00
-402.5000E-03,-1.8036432E+00
-402.0000E-03,-1.7232412E+00
-401.5000E-03,-1.1132322E+00
-401.0000E-03,-152.0241E-03
-400.5000E-03,+1.0104271E+00
-400.0000E-03,+1.7099236E+00
-399.5000E-03,+1.6938442E+00
-399.0000E-03,+1.7695818E+00
-398.5000E-03,+1.7190090E+00
-398.0000E-03,+1.2516331E+00
-397.5000E-03,-17.1148E-03
-397.0000E-03,-999.6231E-03
-396.5000E-03,-1.6993629E+00
-396.0000E-03,-1.8303378E+00
-395.5000E-03,-1.6057728E+00
-395.0000E-03,-864.5455E-03
-394.5000E-03,+201.4243E-03
-394.0000E-03,+1.4526382E+00
-393.5000E-03,+1.7321971E+00
-393.0000E-03,+1.6938442E+00
-392.5000E-03,+1.6938442E+00
-392.0000E-03,+1.6536432E+00
-391.5000E-03,+770.3444E-03
-391.0000E-03,-446.6192E-03
-390.5000E-03,-1.4419973E+00
-390.0000E-03,-1.8132903E+00
-389.5000E-03,-1.8438442E+00
-389.0000E-03,-1.3503355E+00
-388.5000E-03,-436.8090E-03
-388.0000E-03,+744.1392E-03
-387.5000E-03,+1.6536432E+00
-387.0000E-03,+1.6938442E+00
-386.5000E-03,+1.7112902E+00
-386.0000E-03,+1.6938442E+00
-385.5000E-03,+1.2951318E+00
-385.0000E-03,+98.6659E-03
-384.5000E-03,-1.0717473E+00
-384.0000E-03,-1.7290289E+00
-383.5000E-03,-1.8392601E+00
-383.0000E-03,-1.5624372E+00
-382.5000E-03,-758.4171E-03
-382.0000E-03,+367.2110E-03
-381.5000E-03,+1.5732412E+00
-381.0000E-03,+1.7100867E+00
-380.5000E-03,+1.7074309E+00
-380.0000E-03,+1.6970590E+00
-379.5000E-03,+1.5803982E+00
-379.0000E-03,+349.6821E-03
-378.5000E-03,-838.8191E-03
-378.0000E-03,-1.6830402E+00
-377.5000E-03,-1.8354007E+00
-377.0000E-03,-1.6240238E+00
-376.5000E-03,-879.0201E-03
-376.0000E-03,+326.3681E-03
-375.5000E-03,+1.5330402E+00
-375.0000E-03,+1.6938416E+00
-374.5000E-03,+1.7340452E+00
-374.0000E-03,+1.7334007E+00
-373.5000E-03,+1.5842576E+00
-373.0000E-03,+327.0100E-03
-372.5000E-03,-893.8985E-03
-372.0000E-03,-1.7251722E+00
-371.5000E-03,-1.8438442E+00
-371.0000E-03,-1.5799635E+00
-370.5000E-03,-725.3705E-03
-370.0000E-03,+336.6624E-03
-369.5000E-03,+1.6004198E+00
-369.0000E-03,+1.6938442E+00
-368.5000E-03,+1.6595112E+00
-368.0000E-03,+1.6983481E+00
-367.5000E-03,+1.3871119E+00
-367.0000E-03,+60.5564E-03
-366.5000E-03,-1.0800251E+00
-366.0000E-03,-1.7634422E+00
-365.5000E-03,-1.8036432E+00
-365.0000E-03,-1.4289670E+00
-364.5000E-03,-517.2111E-03
-364.0000E-03,+816.4989E-03
-363.5000E-03,+1.7514939E+00
-363.0000E-03,+1.7216647E+00
-362.5000E-03,+1.7340452E+00
-362.0000E-03,+1.6938442E+00
-361.5000E-03,+972.9569E-03
-361.0000E-03,-425.7150E-03
-360.5000E-03,-1.4798687E+00
-360.0000E-03,-1.8438442E+00
-359.5000E-03,-1.8238226E+00
-359.0000E-03,-1.1300337E+00
-358.5000E-03,+85.8040E-03
-358.0000E-03,+1.4050446E+00
-357.5000E-03,+1.6962592E+00
-357.0000E-03,+1.6621643E+00
-356.5000E-03,+1.6573447E+00
-356.0000E-03,+1.6291980E+00
-355.5000E-03,+246.6080E-03
-355.0000E-03,-1.0727905E+00
-354.5000E-03,-1.8036432E+00
-354.0000E-03,-1.8438442E+00
-353.5000E-03,-1.4744743E+00
-353.0000E-03,-442.7573E-03
-352.5000E-03,+746.7147E-03
-352.0000E-03,+1.7086397E+00
-351.5000E-03,+1.6033084E+00
-351.0000E-03,+1.6938442E+00
-350.5000E-03,+1.7340452E+00
-350.0000E-03,+632.5361E-03
-349.5000E-03,-704.4689E-03
-349.0000E-03,-1.6830402E+00
-348.5000E-03,-1.8368476E+00
-348.0000E-03,-1.6656718E+00
-347.5000E-03,-675.1962E-03
-347.0000E-03,+602.1505E-03
-346.5000E-03,+1.6536432E+00
-346.0000E-03,+1.7153903E+00
-345.5000E-03,+1.6938442E+00
-345.0000E-03,+1.6930418E+00
-344.5000E-03,+910.8862E-03
-344.0000E-03,-497.2697E-03
-343.5000E-03,-1.6026382E+00
-343.0000E-03,-1.8438442E+00
-342.5000E-03,-1.7634422E+00
-342.0000E-03,-836.5645E-03
-341.5000E-03,+479.2127E-03
-341.0000E-03,+1.6554137E+00
-340.5000E-03,+1.6938442E+00
-340.0000E-03,+1.6938442E+00
-339.5000E-03,+1.6938442E+00
-339.0000E-03,+880.6532E-03
-338.5000E-03,-637.8141E-03
-338.0000E-03,-1.6264389E+00
-337.5000E-03,-1.8036432E+00
-337.0000E-03,-1.6786968E+00
-336.5000E-03,-714.2712E-03
-336.0000E-03,+693.6518E-03
-335.5000E-03,+1.7293032E+00
-335.0000E-03,+1.7340452E+00
-334.5000E-03,+1.6938442E+00
-334.0000E-03,+1.6938442E+00
-333.5000E-03,+538.3817E-03
-333.0000E-03,-879.0201E-03
-332.5000E-03,-1.7405294E+00
-332.0000E-03,-1.8715043E+00
-331.5000E-03,-1.5222362E+00
-331.0000E-03,-316.2060E-03
-330.5000E-03,+1.0290018E+00
-330.0000E-03,+1.6938442E+00
-329.5000E-03,+1.6938442E+00
-329.0000E-03,+1.7033334E+00
-328.5000E-03,+1.6134422E+00
-328.0000E-03,+85.4752E-03
-327.5000E-03,-1.2810301E+00
-327.0000E-03,-1.8036432E+00
-326.5000E-03,-1.8036432E+00
-326.0000E-03,-1.1375893E+00
-325.5000E-03,+171.2768E-03
-325.0000E-03,+1.5571644E+00
-324.5000E-03,+1.6938442E+00
-324.0000E-03,+1.6864491E+00
-323.5000E-03,+1.7340452E+00
-323.0000E-03,+930.0251E-03
-322.5000E-03,-597.6131E-03
-322.0000E-03,-1.6830402E+00
-321.5000E-03,-1.8079064E+00
-321.0000E-03,-1.6026382E+00
-320.5000E-03,-477.0100E-03
-320.0000E-03,+955.7594E-03
-319.5000E-03,+1.6993938E+00
-319.0000E-03,+1.7340452E+00
-318.5000E-03,+1.7077518E+00
-318.0000E-03,+1.5767770E+00
-317.5000E-03,+38.7669E-03
-317.0000E-03,-1.4016332E+00
-316.5000E-03,-1.8036432E+00
-316.0000E-03,-1.8036432E+00
-315.5000E-03,-1.0235790E+00
-315.0000E-03,+407.4121E-03
-314.5000E-03,+1.6825095E+00
-314.0000E-03,+1.6938442E+00
-313.5000E-03,+1.6938442E+00
-313.0000E-03,+1.6740633E+00
-312.5000E-03,+497.8623E-03
-312.0000E-03,-999.6231E-03
-311.5000E-03,-1.8143386E+00
-311.0000E-03,-1.8438442E+00
-310.5000E-03,-1.3526703E+00
-310.0000E-03,+47.2130E-03
-309.5000E-03,+1.6134422E+00
-309.0000E-03,+1.6938442E+00
-308.5000E-03,+1.7265698E+00
-308.0000E-03,+1.7340452E+00
-307.5000E-03,+769.2211E-03
-307.0000E-03,-805.6975E-03
-306.5000E-03,-1.8036432E+00
-306.0000E-03,-1.8438442E+00
-305.5000E-03,-1.4418342E+00
-305.0000E-03,-75.0000E-03
-304.5000E-03,+1.5585338E+00
-304.0000E-03,+1.7285758E+00
-303.5000E-03,+1.6938442E+00
-303.0000E-03,+1.7218200E+00
-302.5000E-03,+783.6852E-03
-302.0000E-03,-771.9288E-03
-301.5000E-03,-1.7865155E+00
-301.0000E-03,-1.8713438E+00
-300.5000E-03,-1.3637617E+00
-300.0000E-03,-42.8308E-03
-299.5000E-03,+1.5330402E+00
-299.0000E-03,+1.7226302E+00
-298.5000E-03,+1.6928011E+00
-298.0000E-03,+1.6938442E+00
-297.5000E-03,+750.3203E-03
-297.0000E-03,-959.1090E-03
-296.5000E-03,-1.7634422E+00
-296.0000E-03,-1.8628148E+00
-295.5000E-03,-1.3002441E+00
-295.0000E-03,+179.8808E-03
-294.5000E-03,+1.6938442E+00
-294.0000E-03,+1.7221435E+00
-293.5000E-03,+1.7340452E+00
-293.0000E-03,+1.6938442E+00
-292.5000E-03,+473.7328E-03
-292.0000E-03,-1.1597904E+00
-291.5000E-03,-1.8272032E+00
-291.0000E-03,-1.8036432E+00
-290.5000E-03,-1.0037258E+00
-290.0000E-03,+528.0151E-03
-289.5000E-03,+1.7091988E+00
-289.0000E-03,+1.7340452E+00
-288.5000E-03,+1.7340452E+00
-288.0000E-03,+1.6134422E+00
-287.5000E-03,-113.1976E-03
-287.0000E-03,-1.5952457E+00
-286.5000E-03,-1.8438442E+00
-286.0000E-03,-1.7463947E+00
-285.5000E-03,-449.5907E-03
-285.0000E-03,+1.2540430E+00
-284.5000E-03,+1.6293663E+00
-284.0000E-03,+1.6938442E+00
-283.5000E-03,+1.6938442E+00
-283.0000E-03,+893.1942E-03
-282.5000E-03,-798.6181E-03
-282.0000E-03,-1.7830626E+00
-281.5000E-03,-1.8540530E+00
-281.0000E-03,-1.2807039E+00
-280.5000E-03,+267.6780E-03
-280.0000E-03,+1.6938442E+00
-279.5000E-03,+1.6938442E+00
-279.0000E-03,+1.7325957E+00
-278.5000E-03,+1.6536432E+00
-278.0000E-03,-34.7990E-03
-277.5000E-03,-1.5471654E+00
-277.0000E-03,-1.8438442E+00
-276.5000E-03,-1.7634422E+00
-276.0000E-03,-430.0506E-03
-275.5000E-03,+1.2516331E+00
-275.0000E-03,+1.6576657E+00
-274.5000E-03,+1.7196509E+00
-274.0000E-03,+1.6845128E+00
-273.5000E-03,+704.0080E-03
-273.0000E-03,-970.0399E-03
-272.5000E-03,-1.8036432E+00
-272.0000E-03,-1.8036432E+00
-271.5000E-03,-1.0762486E+00
-271.0000E-03,+615.0124E-03
-270.5000E-03,+1.7170780E+00
-270.0000E-03,+1.7211833E+00
-269.5000E-03,+1.6963342E+00
-269.0000E-03,+1.3407089E+00
-268.5000E-03,-477.0100E-03
-268.0000E-03,-1.7634422E+00
-267.5000E-03,-1.8438442E+00
-267.0000E-03,-1.4510024E+00
-266.5000E-03,+124.8843E-03
-266.0000E-03,+1.6536432E+00
-265.5000E-03,+1.7741634E+00
-265.0000E-03,+1.7235905E+00
-264.5000E-03,+1.6521910E+00
-264.0000E-03,-128.3943E-03
-263.5000E-03,-1.5638065E+00
-263.0000E-03,-1.8438442E+00
-262.5000E-03,-1.7011282E+00
-262.0000E-03,-170.8342E-03
-261.5000E-03,+1.5758969E+00
-261.0000E-03,+1.6938442E+00
-260.5000E-03,+1.7172437E+00
-260.0000E-03,+1.7276156E+00
-259.5000E-03,+166.2060E-03
-259.0000E-03,-1.4016332E+00
-258.5000E-03,-1.8438442E+00
-258.0000E-03,-1.7985000E+00
-257.5000E-03,-326.6634E-03
-257.0000E-03,+1.4436382E+00
-256.5000E-03,+1.7198166E+00
-256.0000E-03,+1.6938442E+00
-255.5000E-03,+1.7275301E+00
-255.0000E-03,+299.6631E-03
-254.5000E-03,-1.3212311E+00
-254.0000E-03,-1.8464145E+00
-253.5000E-03,-1.8036432E+00
-253.0000E-03,-458.8366E-03
-252.5000E-03,+1.3722362E+00
-252.0000E-03,+1.7327614E+00
-251.5000E-03,+1.7029322E+00
-251.0000E-03,+1.7145853E+00
-250.5000E-03,+216.7763E-03
-250.0000E-03,-1.4016332E+00
-249.5000E-03,-1.8438442E+00
-249.0000E-03,-1.7841885E+00
-248.5000E-03,-356.4070E-03
-248.0000E-03,+1.4565054E+00
-247.5000E-03,+1.7223843E+00
-247.0000E-03,+1.6938442E+00
-246.5000E-03,+1.7340452E+00
-246.0000E-03,+83.2285E-03
-245.5000E-03,-1.5092888E+00
-245.0000E-03,-1.8269625E+00
-244.5000E-03,-1.6895501E+00
-244.0000E-03,-184.0171E-03
-243.5000E-03,+1.6536432E+00
-243.0000E-03,+1.6938442E+00
-242.5000E-03,+1.6938442E+00
-242.0000E-03,+1.5732412E+00
-241.5000E-03,-300.6857E-03
-241.0000E-03,-1.7089323E+00
-240.5000E-03,-1.8075802E+00
-240.0000E-03,-1.3887634E+00
-239.5000E-03,+320.4225E-03
-239.0000E-03,+1.7340452E+00
-238.5000E-03,+1.6938442E+00
-238.0000E-03,+1.7263239E+00
-237.5000E-03,+1.1752457E+00
-237.0000E-03,-746.6811E-03
-236.5000E-03,-1.8036432E+00
-236.0000E-03,-1.8438442E+00
-235.5000E-03,-880.4618E-03
-235.0000E-03,+900.2736E-03
-234.5000E-03,+1.7340452E+00
-234.0000E-03,+1.6938442E+00
-233.5000E-03,+1.7145103E+00
-233.0000E-03,+425.7381E-03
-232.5000E-03,-1.2456645E+00
-232.0000E-03,-1.8438442E+00
-231.5000E-03,-1.7414896E+00
-231.0000E-03,-268.1284E-03
-230.5000E-03,+1.6134422E+00
-230.0000E-03,+1.7067113E+00
-229.5000E-03,+1.6938442E+00
-229.0000E-03,+1.5798313E+00
-228.5000E-03,-396.6080E-03
-228.0000E-03,-1.7634422E+00
-227.5000E-03,-1.8595197E+00
-227.0000E-03,-1.0906325E+00
-226.5000E-03,+693.8873E-03
-226.0000E-03,+1.6784041E+00
-225.5000E-03,+1.6938442E+00
-225.0000E-03,+1.6898270E+00
-224.5000E-03,+576.6439E-03
-224.0000E-03,-1.2643036E+00
-223.5000E-03,-1.8167458E+00
-223.0000E-03,-1.8009124E+00
-222.5000E-03,-155.4020E-03
-222.0000E-03,+1.6356302E+00
-221.5000E-03,+1.6938442E+00
-221.0000E-03,+1.6938442E+00
-220.5000E-03,+1.4482014E+00
-220.0000E-03,-557.4121E-03
-219.5000E-03,-1.7931135E+00
-219.0000E-03,-1.8438442E+00
-218.5000E-03,-909.0071E-03
-218.0000E-03,+889.8241E-03
-217.5000E-03,+1.7248019E+00
-217.0000E-03,+1.6949728E+00
-216.5000E-03,+1.7225447E+00
-216.0000E-03,+104.1327E-03
-215.5000E-03,-1.5946814E+00
-215.0000E-03,-1.8438442E+00
-214.5000E-03,-1.4966624E+00
-214.0000E-03,+246.6080E-03
-213.5000E-03,+1.6938442E+00
-213.0000E-03,+1.6975457E+00
-212.5000E-03,+1.6938442E+00
-212.0000E-03,+809.4221E-03
-211.5000E-03,-1.1256100E+00
-211.0000E-03,-1.8388563E+00
-210.5000E-03,-1.8036432E+00
-210.0000E-03,-301.7367E-03
-209.5000E-03,+1.6495457E+00
-209.0000E-03,+1.7214964E+00
-208.5000E-03,+1.7104905E+00
-208.0000E-03,+1.3458704E+00
-207.5000E-03,-827.5751E-03
-207.0000E-03,-1.8112041E+00
-206.5000E-03,-1.8259115E+00
-206.0000E-03,-581.2049E-03
-205.5000E-03,+1.4541627E+00
-205.0000E-03,+1.6938442E+00
-204.5000E-03,+1.7340452E+00
-204.0000E-03,+1.5838512E+00
-203.5000E-03,-436.3328E-03
-203.0000E-03,-1.7735760E+00
-202.5000E-03,-1.8438442E+00
-202.0000E-03,-959.4221E-03
-201.5000E-03,+1.2103838E+00
-201.0000E-03,+1.6938442E+00
-200.5000E-03,+1.7340452E+00
-200.0000E-03,+1.7260081E+00
-199.5000E-03,-269.0006E-03
-199.0000E-03,-1.7359479E+00
-198.5000E-03,-1.8036432E+00
-198.0000E-03,-1.1002769E+00
-197.5000E-03,+816.6646E-03
-197.0000E-03,+1.7078373E+00
-196.5000E-03,+1.6938442E+00
-196.0000E-03,+1.6938442E+00
-195.5000E-03,-49.5221E-03
-195.0000E-03,-1.6983198E+00
-194.5000E-03,-1.8438442E+00
-194.0000E-03,-1.1687825E+00
-193.5000E-03,+815.6163E-03
-193.0000E-03,+1.7269763E+00
-192.5000E-03,+1.7207821E+00
-192.0000E-03,+1.7340452E+00
-191.5000E-03,-162.8826E-03
-191.0000E-03,-1.7634422E+00
-190.5000E-03,-1.8156199E+00
-190.0000E-03,-1.0028327E+00
-189.5000E-03,+942.4265E-03
-189.0000E-03,+1.7129831E+00
-188.5000E-03,+1.6938442E+00
-188.0000E-03,+1.7739279E+00
-187.5000E-03,-306.1656E-03
-187.0000E-03,-1.8036432E+00
-186.5000E-03,-1.8840452E+00
-186.0000E-03,-957.4859E-03
-185.5000E-03,+1.1475290E+00
-185.0000E-03,+1.6938442E+00
-184.5000E-03,+1.6698778E+00
-184.0000E-03,+1.6089331E+00
-183.5000E-03,-567.7168E-03
-183.0000E-03,-1.8610469E+00
-182.5000E-03,-1.8438442E+00
-182.0000E-03,-704.0520E-03
-181.5000E-03,+1.5067521E+00
-181.0000E-03,+1.7097605E+00
-180.5000E-03,+1.6993886E+00
-180.0000E-03,+1.2773517E+00
-179.5000E-03,-844.2161E-03
-179.0000E-03,-1.8438442E+00
-178.5000E-03,-1.8079011E+00
-178.0000E-03,-276.0050E-03
-177.5000E-03,+1.6701290E+00
-177.0000E-03,+1.7340452E+00
-176.5000E-03,+1.7310737E+00
-176.0000E-03,+867.6230E-03
-175.5000E-03,-1.2361726E+00
-175.0000E-03,-1.7754991E+00
-174.5000E-03,-1.7249262E+00
-174.0000E-03,+143.3787E-03
-173.5000E-03,+1.7340452E+00
-173.0000E-03,+1.6349831E+00
-172.5000E-03,+1.7340452E+00
-172.0000E-03,+236.6348E-03
-171.5000E-03,-1.6229833E+00
-171.0000E-03,-1.8438442E+00
-170.5000E-03,-1.1202261E+00
-170.0000E-03,+899.5000E-03
-169.5000E-03,+1.7154758E+00
-169.0000E-03,+1.7340452E+00
-168.5000E-03,+1.6514689E+00
-168.0000E-03,-504.6649E-03
-167.5000E-03,-1.8438442E+00
-167.0000E-03,-1.8105543E+00
-166.5000E-03,-550.4905E-03
-166.0000E-03,+1.6009065E+00
-165.5000E-03,+1.7098407E+00
-165.0000E-03,+1.6938442E+00
-164.5000E-03,+894.5713E-03
-164.0000E-03,-1.2157472E+00
-163.5000E-03,-1.8438442E+00
-163.0000E-03,-1.7275794E+00
-162.5000E-03,+333.0437E-03
-162.0000E-03,+1.6938442E+00
-161.5000E-03,+1.7072678E+00
-161.0000E-03,+1.7340452E+00
-160.5000E-03,-115.2010E-03
-160.0000E-03,-1.7859512E+00
-159.5000E-03,-1.8317071E+00
-159.0000E-03,-725.2772E-03
-158.5000E-03,+1.5100524E+00
-158.0000E-03,+1.7128227E+00
-157.5000E-03,+1.6829935E+00
-157.0000E-03,+1.0511069E+00
-156.5000E-03,-1.1499053E+00
-156.0000E-03,-1.8641091E+00
-155.5000E-03,-1.7328054E+00
-155.0000E-03,+326.2024E-03
-154.5000E-03,+1.7050237E+00
-154.0000E-03,+1.7153956E+00
-153.5000E-03,+1.6938442E+00
-153.0000E-03,-121.4833E-03
-152.5000E-03,-1.7481731E+00
-152.0000E-03,-1.8036432E+00
-151.5000E-03,-578.3860E-03
-151.0000E-03,+1.5398013E+00
-150.5000E-03,+1.7075966E+00
-150.0000E-03,+1.6777675E+00
-149.5000E-03,+792.0406E-03
-149.0000E-03,-1.3614322E+00
-148.5000E-03,-1.8438442E+00
-148.0000E-03,-1.3910127E+00
-147.5000E-03,+648.6181E-03
-147.0000E-03,+1.6997976E+00
-146.5000E-03,+1.6699685E+00
-146.0000E-03,+1.6269460E+00
-145.5000E-03,-640.9460E-03
-145.0000E-03,-1.8438442E+00
-144.5000E-03,-1.8262324E+00
-144.0000E-03,-99.4348E-03
-143.5000E-03,+1.7340452E+00
-143.0000E-03,+1.6938442E+00
-142.5000E-03,+1.7127424E+00
-142.0000E-03,+147.8669E-03
-141.5000E-03,-1.6830402E+00
-141.0000E-03,-1.8536570E+00
-140.5000E-03,-778.2651E-03
-140.0000E-03,+1.4735502E+00
-139.5000E-03,+1.6558254E+00
-139.0000E-03,+1.6938442E+00
-138.5000E-03,+884.3416E-03
-138.0000E-03,-1.3765591E+00
-137.5000E-03,-1.8800175E+00
-137.0000E-03,-1.3768617E+00
-136.5000E-03,+797.2928E-03
-136.0000E-03,+1.6607148E+00
-135.5000E-03,+1.6971445E+00
-135.0000E-03,+1.4116217E+00
-134.5000E-03,-903.0641E-03
-134.0000E-03,-1.8782601E+00
-133.5000E-03,-1.7680289E+00
-133.0000E-03,+246.6080E-03
-132.5000E-03,+1.7340452E+00
-132.0000E-03,+1.6893455E+00
-131.5000E-03,+1.6938442E+00
-131.0000E-03,-469.2992E-03
-130.5000E-03,-1.8438442E+00
-130.0000E-03,-1.8438442E+00
-129.5000E-03,-141.0827E-03
-129.0000E-03,+1.6711747E+00
-128.5000E-03,+1.6938442E+00
-128.0000E-03,+1.7703947E+00
-127.5000E-03,-83.4461E-03
-127.0000E-03,-1.7822602E+00
-126.5000E-03,-1.8328330E+00
-126.0000E-03,-518.4897E-03
-125.5000E-03,+1.6633758E+00
-125.0000E-03,+1.7139408E+00
-124.5000E-03,+1.6938442E+00
-124.0000E-03,+245.3137E-03
-123.5000E-03,-1.7342602E+00
-123.0000E-03,-1.8412634E+00
-122.5000E-03,-726.6543E-03
-122.0000E-03,+1.5713076E+00
-121.5000E-03,+1.7061497E+00
-121.0000E-03,+1.6464269E+00
-120.5000E-03,+436.0193E-03
-120.0000E-03,-1.6460592E+00
-119.5000E-03,-1.8438442E+00
-119.0000E-03,-879.0201E-03
-118.5000E-03,+1.5037134E+00
-118.0000E-03,+1.6626562E+00
-117.5000E-03,+1.6685216E+00
-117.0000E-03,+557.9166E-03
-116.5000E-03,-1.5670161E+00
-116.0000E-03,-1.8782522E+00
-115.5000E-03,-903.0563E-03
-115.0000E-03,+1.5065035E+00
-114.5000E-03,+1.7340452E+00
-114.0000E-03,+1.7269658E+00
-113.5000E-03,+556.0632E-03
-113.0000E-03,-1.5902603E+00
-112.5000E-03,-1.8076552E+00
-112.0000E-03,-919.2211E-03
-111.5000E-03,+1.4928392E+00
-111.0000E-03,+1.6938442E+00
-110.5000E-03,+1.6945637E+00
-110.0000E-03,+397.7597E-03
-109.5000E-03,-1.6828876E+00
-109.0000E-03,-1.8840452E+00
-108.5000E-03,-796.3504E-03
-108.0000E-03,+1.6243810E+00
-107.5000E-03,+1.7127346E+00
-107.0000E-03,+1.7255267E+00
-106.5000E-03,+239.1946E-03
-106.0000E-03,-1.7512170E+00
-105.5000E-03,-1.8614481E+00
-105.0000E-03,-531.6751E-03
-104.5000E-03,+1.6567830E+00
-104.0000E-03,+1.7340452E+00
-103.5000E-03,+1.6938442E+00
-103.0000E-03,-34.7990E-03
-102.5000E-03,-1.8036432E+00
-102.0000E-03,-1.8438442E+00
-101.5000E-03,-155.4020E-03
-101.0000E-03,+1.6938442E+00
-100.5000E-03,+1.6938442E+00
-100.0000E-03,+1.7340452E+00
-99.5000E-03,-529.9230E-03
-99.0000E-03,-1.8472169E+00
-98.5000E-03,-1.7966440E+00
-98.0000E-03,+189.0360E-03
-97.5000E-03,+1.6938442E+00
-97.0000E-03,+1.6938442E+00
-96.5000E-03,+1.6205007E+00
-96.0000E-03,-940.7646E-03
-95.5000E-03,-1.8550158E+00
-95.0000E-03,-1.6838400E+00
-94.5000E-03,+698.3912E-03
-94.0000E-03,+1.6938442E+00
-93.5000E-03,+1.6839590E+00
-93.0000E-03,+1.0109138E+00
-92.5000E-03,-1.3320897E+00
-92.0000E-03,-1.8461040E+00
-91.5000E-03,-1.1374236E+00
-91.0000E-03,+1.3775555E+00
-90.5000E-03,+1.6938442E+00
-90.0000E-03,+1.7163611E+00
-89.5000E-03,+454.9253E-03
-89.0000E-03,-1.7263008E+00
-88.5000E-03,-1.8572756E+00
-88.0000E-03,-542.6008E-03
-87.5000E-03,+1.6656949E+00
-87.0000E-03,+1.6938442E+00
-86.5000E-03,+1.6938442E+00
-86.0000E-03,-321.0518E-03
-85.5000E-03,-1.8745665E+00
-85.0000E-03,-1.7690747E+00
-84.5000E-03,+254.4201E-03
-84.0000E-03,+1.7076690E+00
-83.5000E-03,+1.6938442E+00
-83.0000E-03,+1.4124372E+00
-82.5000E-03,-1.1375169E+00
-82.0000E-03,-1.8589685E+00
-81.5000E-03,-1.2853631E+00
-81.0000E-03,+1.2442537E+00
-80.5000E-03,+1.7124215E+00
-80.0000E-03,+1.6938442E+00
-79.5000E-03,+410.9321E-03
-79.0000E-03,-1.7327330E+00
-78.5000E-03,-1.8438442E+00
-78.0000E-03,-305.9013E-03
-77.5000E-03,+1.6942506E+00
-77.0000E-03,+1.7232669E+00
-76.5000E-03,+1.6938442E+00
-76.0000E-03,-660.6571E-03
-75.5000E-03,-1.8053361E+00
-75.0000E-03,-1.7795137E+00
-74.5000E-03,+778.5655E-03
-74.0000E-03,+1.6864517E+00
-73.5000E-03,+1.7310659E+00
-73.0000E-03,+796.2183E-03
-72.5000E-03,-1.5934054E+00
-72.0000E-03,-1.8097493E+00
-71.5000E-03,-673.7493E-03
-71.0000E-03,+1.6682809E+00
-70.5000E-03,+1.6938442E+00
-70.0000E-03,+1.6584628E+00
-69.5000E-03,-378.6160E-03
-69.0000E-03,-1.8279201E+00
-68.5000E-03,-1.8036432E+00
-68.0000E-03,+564.6829E-03
-67.5000E-03,+1.7006829E+00
-67.0000E-03,+1.7110548E+00
-66.5000E-03,+925.3346E-03
-66.0000E-03,-1.5579437E+00
-65.5000E-03,-1.8438442E+00
-65.0000E-03,-721.4230E-03
-64.5000E-03,+1.7113810E+00
-64.0000E-03,+1.7340452E+00
-63.5000E-03,+1.7340452E+00
-63.0000E-03,-455.9584E-03
-62.5000E-03,-1.8237345E+00
-62.0000E-03,-1.8033170E+00
-61.5000E-03,+541.3043E-03
-61.0000E-03,+1.6727743E+00
-60.5000E-03,+1.7252860E+00
-60.0000E-03,+688.8191E-03
-59.5000E-03,-1.6548237E+00
-59.0000E-03,-1.8438442E+00
-58.5000E-03,-451.7546E-03
-58.0000E-03,+1.6967433E+00
-57.5000E-03,+1.6938442E+00
-57.0000E-03,+1.7104024E+00
-56.5000E-03,-798.6181E-03
-56.0000E-03,-1.8480298E+00
-55.5000E-03,-1.4272767E+00
-55.0000E-03,+1.2058180E+00
-54.5000E-03,+1.7340452E+00
-54.0000E-03,+1.6938442E+00
-53.5000E-03,+230.7642E-03
-53.0000E-03,-1.7896579E+00
-52.5000E-03,-1.8402308E+00
-52.0000E-03,-34.7990E-03
-51.5000E-03,+1.7169149E+00
-51.0000E-03,+1.7213464E+00
-50.5000E-03,+1.2609410E+00
-50.0000E-03,-1.3373210E+00
-49.5000E-03,-1.8254274E+00
-49.0000E-03,-879.0201E-03
-48.5000E-03,+1.6928037E+00
-48.0000E-03,+1.7153825E+00
-47.5000E-03,+1.7135474E+00
-47.0000E-03,-597.3104E-03
-46.5000E-03,-1.8438442E+00
-46.0000E-03,-1.6511867E+00
-45.5000E-03,+1.0524065E+00
-45.0000E-03,+1.6938442E+00
-44.5000E-03,+1.6165070E+00
-44.0000E-03,+178.1103E-03
-43.5000E-03,-1.7813671E+00
-43.0000E-03,-1.8111962E+00
-42.5000E-03,+327.0100E-03
-42.0000E-03,+1.6938442E+00
-41.5000E-03,+1.7174068E+00
-41.0000E-03,+889.8241E-03
-40.5000E-03,-1.6469445E+00
-40.0000E-03,-1.8293670E+00
-39.5000E-03,-371.7590E-03
-39.0000E-03,+1.6938442E+00
-38.5000E-03,+1.7340452E+00
-38.0000E-03,+1.5259503E+00
-37.5000E-03,-1.2126981E+00
-37.0000E-03,-1.8877389E+00
-36.5000E-03,-966.1003E-03
-36.0000E-03,+1.6134422E+00
-35.5000E-03,+1.7066233E+00
-35.0000E-03,+1.6938442E+00
-34.5000E-03,-541.1051E-03
-34.0000E-03,-1.8438442E+00
-33.5000E-03,-1.6141308E+00
-33.0000E-03,+1.2080699E+00
-32.5000E-03,+1.7247941E+00
-32.0000E-03,+1.6938442E+00
-31.5000E-03,+25.8143E-03
-31.0000E-03,-1.8438442E+00
-30.5000E-03,-1.8333066E+00
-30.0000E-03,+550.5424E-03
-29.5000E-03,+1.7027639E+00
-29.0000E-03,+1.7325930E+00
-28.5000E-03,+367.2110E-03
-28.0000E-03,-1.8036432E+00
-27.5000E-03,-1.8362110E+00
-27.0000E-03,+174.4219E-03
-26.5000E-03,+1.7209347E+00
-26.0000E-03,+1.7340452E+00
-25.5000E-03,+834.8093E-03
-25.0000E-03,-1.6147134E+00
-24.5000E-03,-1.8438442E+00
-24.0000E-03,-226.4674E-03
-23.5000E-03,+1.6989045E+00
-23.0000E-03,+1.6991557E+00
-22.5000E-03,+1.1732162E+00
-22.0000E-03,-1.4537437E+00
-21.5000E-03,-1.8476181E+00
-21.0000E-03,-396.6080E-03
-20.5000E-03,+1.6938442E+00
-20.0000E-03,+1.7067035E+00
-19.5000E-03,+1.4149246E+00
-19.0000E-03,-1.2644824E+00
-18.5000E-03,-1.8657889E+00
-18.0000E-03,-632.3316E-03
-17.5000E-03,+1.6926432E+00
-17.0000E-03,+1.6938442E+00
-16.5000E-03,+1.5732412E+00
-16.0000E-03,-1.1996836E+00
-15.5000E-03,-1.8438442E+00
-15.0000E-03,-817.9044E-03
-14.5000E-03,+1.7146734E+00
-14.0000E-03,+1.6536432E+00
-13.5000E-03,+1.6495274E+00
-13.0000E-03,-1.1202261E+00
-12.5000E-03,-1.8217285E+00
-12.0000E-03,-846.5326E-03
-11.5000E-03,+1.6938442E+00
-11.0000E-03,+1.7079847E+00
-10.5000E-03,+1.6302411E+00
-10.0000E-03,-1.1202261E+00
-9.5000E-03,-1.8438442E+00
-9.0000E-03,-807.4366E-03
-8.5000E-03,+1.6938442E+00
-8.0000E-03,+1.6938442E+00
-7.5000E-03,+1.5784725E+00
-7.0000E-03,-1.1826387E+00
-6.5000E-03,-1.8698192E+00
-6.0000E-03,-838.8191E-03
-5.5000E-03,+1.6938442E+00
-5.0000E-03,+1.6874224E+00
-4.5000E-03,+1.5187182E+00
-4.0000E-03,-1.2057635E+00
-3.5000E-03,-1.8360400E+00
-3.0000E-03,-517.2111E-03
-2.5000E-03,+1.6938442E+00
-2.0000E-03,+1.6938442E+00
-1.5000E-03,+1.2243612E+00
-1.0000E-03,-1.4807592E+00
-500.0E-06,-1.8438442E+00
+0.0E+00,-235.8040E-03
+500.0E-06,+1.7444223E+00
+1.0000E-03,+1.6925473E+00
+1.5000E-03,+948.1855E-03
+2.0000E-03,-1.6830402E+00
+2.5000E-03,-1.8840452E+00
+3.0000E-03,-34.7990E-03
+3.5000E-03,+1.7262515E+00
+4.0000E-03,+1.6587995E+00
+4.5000E-03,+704.4711E-03
+5.0000E-03,-1.7698849E+00
+5.5000E-03,-1.7764567E+00
+6.0000E-03,+258.2018E-03
+6.5000E-03,+1.5757496E+00
+7.0000E-03,+1.6938442E+00
+7.5000E-03,+246.6080E-03
+8.0000E-03,-1.8737431E+00
+8.5000E-03,-1.8283213E+00
+9.0000E-03,+889.8241E-03
+9.5000E-03,+1.6938442E+00
+10.0000E-03,+1.7002817E+00
+10.5000E-03,-309.6238E-03
+11.0000E-03,-1.8568640E+00
+11.5000E-03,-1.5248841E+00
+12.0000E-03,+1.4356090E+00
+12.5000E-03,+1.6938442E+00
+13.0000E-03,+1.7625129E+00
+13.5000E-03,-797.2566E-03
+14.0000E-03,-1.8438442E+00
+14.5000E-03,-1.0412606E+00
+15.0000E-03,+1.6833973E+00
+15.5000E-03,+1.7339702E+00
+16.0000E-03,+1.6227526E+00
+16.5000E-03,-1.2821666E+00
+17.0000E-03,-1.8748848E+00
+17.5000E-03,-592.7673E-03
+18.0000E-03,+1.7054275E+00
+18.5000E-03,+1.7157994E+00
+19.0000E-03,+962.3522E-03
+19.5000E-03,-1.6880360E+00
+20.0000E-03,-1.8438442E+00
+20.5000E-03,+212.6893E-03
+21.0000E-03,+1.6938442E+00
+21.5000E-03,+1.6938442E+00
+22.0000E-03,+189.9832E-03
+22.5000E-03,-1.8438442E+00
+23.0000E-03,-1.8036432E+00
+23.5000E-03,+1.1161832E+00
+24.0000E-03,+1.7092869E+00
+24.5000E-03,+1.7196587E+00
+25.0000E-03,-669.9859E-03
+25.5000E-03,-1.8438442E+00
+26.0000E-03,-1.0800251E+00
+26.5000E-03,+1.6938442E+00
+27.0000E-03,+1.6938442E+00
+27.5000E-03,+1.6230683E+00
+28.0000E-03,-1.3350769E+00
+28.5000E-03,-1.8320306E+00
+29.0000E-03,-357.8487E-03
+29.5000E-03,+1.7027744E+00
+30.0000E-03,+1.7147432E+00
+30.5000E-03,+650.5255E-03
+31.0000E-03,-1.8435337E+00
+31.5000E-03,-1.7838754E+00
+32.0000E-03,+731.9480E-03
+32.5000E-03,+1.6938442E+00
+33.0000E-03,+1.6938442E+00
+33.5000E-03,-419.6142E-03
+34.0000E-03,-1.8438442E+00
+34.5000E-03,-1.2487833E+00
+35.0000E-03,+1.5804942E+00
+35.5000E-03,+1.6938442E+00
+36.0000E-03,+1.5732412E+00
+36.5000E-03,-1.3212311E+00
+37.0000E-03,-1.8364360E+00
+37.5000E-03,-181.5270E-03
+38.0000E-03,+1.6938442E+00
+38.5000E-03,+1.7046068E+00
+39.0000E-03,+482.8235E-03
+39.5000E-03,-1.7941671E+00
+40.0000E-03,-1.8293775E+00
+40.5000E-03,+962.0364E-03
+41.0000E-03,+1.6938442E+00
+41.5000E-03,+1.7173963E+00
+42.0000E-03,-718.8763E-03
+42.5000E-03,-1.8438442E+00
+43.0000E-03,-904.0942E-03
+43.5000E-03,+1.6938442E+00
+44.0000E-03,+1.7221514E+00
+44.5000E-03,+1.1310301E+00
+45.0000E-03,-1.6291880E+00
+45.5000E-03,-1.8438442E+00
+46.0000E-03,+396.8047E-03
+46.5000E-03,+1.7338097E+00
+47.0000E-03,+1.6837078E+00
+47.5000E-03,-276.0050E-03
+48.0000E-03,-1.8438442E+00
+48.5000E-03,-1.2006281E+00
+49.0000E-03,+1.6362879E+00
+49.5000E-03,+1.6904558E+00
+50.0000E-03,+1.5410746E+00
+50.5000E-03,-1.4441716E+00
+51.0000E-03,-1.8565535E+00
+51.5000E-03,+204.7E-06
+52.0000E-03,+1.6938442E+00
+52.5000E-03,+1.6902203E+00
+53.0000E-03,+15.8253E-03
+53.5000E-03,-1.8438442E+00
+54.0000E-03,-1.4929582E+00
+54.5000E-03,+1.5732412E+00
+55.0000E-03,+1.7589640E+00
+55.5000E-03,+1.5766810E+00
+56.0000E-03,-1.4653348E+00
+56.5000E-03,-1.8500410E+00
+57.0000E-03,+78.7403E-03
+57.5000E-03,+1.5591417E+00
+58.0000E-03,+1.6623091E+00
+58.5000E-03,-57.2487E-03
+59.0000E-03,-1.8259891E+00
+59.5000E-03,-1.3853802E+00
+60.0000E-03,+1.6504388E+00
+60.5000E-03,+1.6938442E+00
+61.0000E-03,+1.4373324E+00
+61.5000E-03,-1.5303744E+00
+62.0000E-03,-1.8441599E+00
+62.5000E-03,+256.6642E-03
+63.0000E-03,+1.7136172E+00
+63.5000E-03,+1.7340452E+00
+64.0000E-03,-280.8587E-03
+64.5000E-03,-1.8438442E+00
+65.0000E-03,-1.0148817E+00
+65.5000E-03,+1.6617579E+00
+66.0000E-03,+1.6961014E+00
+66.5000E-03,+985.1690E-03
+67.0000E-03,-1.7692430E+00
+67.5000E-03,-1.8104714E+00
+68.0000E-03,+940.6560E-03
+68.5000E-03,+1.6938442E+00
+69.0000E-03,+1.6938442E+00
+69.5000E-03,-879.0201E-03
+70.0000E-03,-1.8792151E+00
+70.5000E-03,-456.4032E-03
+71.0000E-03,+1.7340452E+00
+71.5000E-03,+1.6980995E+00
+72.0000E-03,+314.7770E-03
+72.5000E-03,-1.8438442E+00
+73.0000E-03,-1.6024594E+00
+73.5000E-03,+1.5241336E+00
+74.0000E-03,+1.7266422E+00
+74.5000E-03,+1.5778925E+00
+75.0000E-03,-1.4177256E+00
+75.5000E-03,-1.8053256E+00
+76.0000E-03,+237.9186E-03
+76.5000E-03,+1.7129055E+00
+77.0000E-03,+1.6644110E+00
+77.5000E-03,-475.8222E-03
+78.0000E-03,-1.8338683E+00
+78.5000E-03,-818.4713E-03
+79.0000E-03,+1.7340452E+00
+79.5000E-03,+1.6938442E+00
+80.0000E-03,+505.4904E-03
+80.5000E-03,-1.8036432E+00
+81.0000E-03,-1.7396310E+00
+81.5000E-03,+1.4189680E+00
+82.0000E-03,+1.7340452E+00
+82.5000E-03,+1.5676008E+00
+83.0000E-03,-1.4751267E+00
+83.5000E-03,-1.8875086E+00
+84.0000E-03,+393.5768E-03
+84.5000E-03,+1.6696371E+00
+85.0000E-03,+1.6938442E+00
+85.5000E-03,-722.9659E-03
+86.0000E-03,-1.8538018E+00
+86.5000E-03,-535.8398E-03
+87.0000E-03,+1.6536432E+00
+87.5000E-03,+1.7280089E+00
+88.0000E-03,+270.4009E-03
+88.5000E-03,-1.8304232E+00
+89.0000E-03,-1.6056873E+00
+89.5000E-03,+1.5403629E+00
+90.0000E-03,+1.6938442E+00
+90.5000E-03,+1.2478357E+00
+91.0000E-03,-1.6830402E+00
+91.5000E-03,-1.8352350E+00
+92.0000E-03,+984.7295E-03
+92.5000E-03,+1.6938442E+00
+93.0000E-03,+1.6947966E+00
+93.5000E-03,-1.1901141E+00
+94.0000E-03,-1.8235767E+00
+94.5000E-03,+76.2424E-03
+95.0000E-03,+1.7340452E+00
+95.5000E-03,+1.7340452E+00
+96.0000E-03,-541.6720E-03
+96.5000E-03,-1.8521194E+00
+97.0000E-03,-637.8141E-03
+97.5000E-03,+1.6785803E+00
+98.0000E-03,+1.7166846E+00
+98.5000E-03,+260.5855E-03
+99.0000E-03,-1.8840452E+00
+99.5000E-03,-1.3466131E+00
+100.0000E-03,+1.7179711E+00
+100.5000E-03,+1.6938442E+00
+101.0000E-03,+880.4849E-03
+101.5000E-03,-1.7784837E+00
+102.0000E-03,-1.8036432E+00
+102.5000E-03,+1.2026005E+00
+103.0000E-03,+1.7340452E+00
+103.5000E-03,+1.6209873E+00
+104.0000E-03,-1.5489360E+00
+104.5000E-03,-1.8099019E+00
+105.0000E-03,+571.4702E-03
+105.5000E-03,+1.6938442E+00
+106.0000E-03,+1.7340452E+00
+106.5000E-03,-1.1969423E+00
+107.0000E-03,-1.8438442E+00
+107.5000E-03,+102.3055E-03
+108.0000E-03,+1.6829159E+00
+108.5000E-03,+1.6938442E+00
+109.0000E-03,-717.2768E-03
+109.5000E-03,-1.8438442E+00
+110.0000E-03,-335.4897E-03
+110.5000E-03,+1.6938442E+00
+111.0000E-03,+1.7049461E+00
+111.5000E-03,-281.4980E-03
+112.0000E-03,-1.8354888E+00
+112.5000E-03,-792.5687E-03
+113.0000E-03,+1.7340452E+00
+113.5000E-03,+1.6938442E+00
+114.0000E-03,+194.4818E-03
+114.5000E-03,-1.8807423E+00
+115.0000E-03,-1.2400058E+00
+115.5000E-03,+1.6938442E+00
+116.0000E-03,+1.7282627E+00
+116.5000E-03,+746.2743E-03
+117.0000E-03,-1.8186044E+00
+117.5000E-03,-1.7783101E+00
+118.0000E-03,+1.6356590E+00
+118.5000E-03,+1.7281694E+00
+119.0000E-03,+1.0745814E+00
+119.5000E-03,-1.7900617E+00
+120.0000E-03,-1.8068528E+00
+120.5000E-03,+1.3937230E+00
+121.0000E-03,+1.7113783E+00
+121.5000E-03,+1.3287192E+00
+122.0000E-03,-1.7232412E+00
+122.5000E-03,-1.8438442E+00
+123.0000E-03,+1.1712311E+00
+123.5000E-03,+1.7230367E+00
+124.0000E-03,+1.4947492E+00
+124.5000E-03,-1.6123734E+00
+125.0000E-03,-1.8036432E+00
+125.5000E-03,+1.0506281E+00
+126.0000E-03,+1.7333954E+00
+126.5000E-03,+1.6315999E+00
+127.0000E-03,-1.4846212E+00
+127.5000E-03,-1.8354086E+00
+128.0000E-03,+857.3680E-03
+128.5000E-03,+1.6815361E+00
+129.0000E-03,+1.7165242E+00
+129.5000E-03,-1.3801856E+00
+130.0000E-03,-1.8036432E+00
+130.5000E-03,+461.2076E-03
+131.0000E-03,+1.6938442E+00
+131.5000E-03,+1.7281825E+00
+132.0000E-03,-1.3392677E+00
+132.5000E-03,-1.8289632E+00
+133.0000E-03,+639.3312E-03
+133.5000E-03,+1.6984205E+00
+134.0000E-03,+1.7108629E+00
+134.5000E-03,-1.3775996E+00
+135.0000E-03,-1.8301825E+00
+135.5000E-03,+712.5709E-03
+136.0000E-03,+1.6867622E+00
+136.5000E-03,+1.6938442E+00
+137.0000E-03,-1.4294589E+00
+137.5000E-03,-1.8056466E+00
+138.0000E-03,+826.1591E-03
+138.5000E-03,+1.7125846E+00
+139.0000E-03,+1.6647320E+00
+139.5000E-03,-1.5200854E+00
+140.0000E-03,-1.8132981E+00
+140.5000E-03,+909.7035E-03
+141.0000E-03,+1.7340452E+00
+141.5000E-03,+1.6519346E+00
+142.0000E-03,-1.5624372E+00
+142.5000E-03,-1.8249565E+00
+143.0000E-03,+1.0250805E+00
+143.5000E-03,+1.6957002E+00
+144.0000E-03,+1.6012143E+00
+144.5000E-03,-1.5498343E+00
+145.0000E-03,-1.8036432E+00
+145.5000E-03,+1.0600554E+00
+146.0000E-03,+1.7073585E+00
+146.5000E-03,+1.4538104E+00
+147.0000E-03,-1.7574992E+00
+147.5000E-03,-1.7992143E+00
+148.0000E-03,+1.4166384E+00
+148.5000E-03,+1.7088726E+00
+149.0000E-03,+1.1001422E+00
+149.5000E-03,-1.8036432E+00
+150.0000E-03,-1.7634422E+00
+150.5000E-03,+1.6663603E+00
+151.0000E-03,+1.6972143E+00
+151.5000E-03,+667.8137E-03
+152.0000E-03,-1.8612179E+00
+152.5000E-03,-1.3585976E+00
+153.0000E-03,+1.6938442E+00
+153.5000E-03,+1.7021324E+00
+154.0000E-03,+311.2307E-03
+154.5000E-03,-1.8438442E+00
+155.0000E-03,-1.0020146E+00
+155.5000E-03,+1.7244705E+00
+156.0000E-03,+1.6941521E+00
+156.5000E-03,-95.4359E-03
+157.0000E-03,-1.8448228E+00
+157.5000E-03,-656.2928E-03
+158.0000E-03,+1.6938442E+00
+158.5000E-03,+1.6938442E+00
+159.0000E-03,-447.4635E-03
+159.5000E-03,-1.8718976E+00
+160.0000E-03,-284.0107E-03
+160.5000E-03,+1.6609529E+00
+161.0000E-03,+1.6907820E+00
+161.5000E-03,-812.0521E-03
+162.0000E-03,-1.8200383E+00
+162.5000E-03,+136.0899E-03
+163.0000E-03,+1.6579918E+00
+163.5000E-03,+1.6791237E+00
+164.0000E-03,-1.2508129E+00
+164.5000E-03,-1.8131167E+00
+165.0000E-03,+815.0572E-03
+165.5000E-03,+1.7098512E+00
+166.0000E-03,+1.5468624E+00
+166.5000E-03,-1.7163406E+00
+167.0000E-03,-1.7772853E+00
+167.5000E-03,+1.4755458E+00
+168.0000E-03,+1.6938442E+00
+168.5000E-03,+930.0251E-03
+169.0000E-03,-1.7798582E+00
+169.5000E-03,-1.4479167E+00
+170.0000E-03,+1.7115467E+00
+170.5000E-03,+1.6938442E+00
+171.0000E-03,+116.5106E-03
+171.5000E-03,-1.8637105E+00
+172.0000E-03,-727.8291E-03
+172.5000E-03,+1.7336362E+00
+173.0000E-03,+1.7046251E+00
+173.5000E-03,-517.2111E-03
+174.0000E-03,-1.8438442E+00
+174.5000E-03,-111.8100E-03
+175.0000E-03,+1.6938442E+00
+175.5000E-03,+1.7162834E+00
+176.0000E-03,-1.1054463E+00
+176.5000E-03,-1.8810633E+00
+177.0000E-03,+581.4303E-03
+177.5000E-03,+1.6938442E+00
+178.0000E-03,+1.5732412E+00
+178.5000E-03,-1.7275096E+00
+179.0000E-03,-1.8292039E+00
+179.5000E-03,+1.5428635E+00
+180.0000E-03,+1.6938442E+00
+180.5000E-03,+540.4418E-03
+181.0000E-03,-1.8681185E+00
+181.5000E-03,-1.0274279E+00
+182.0000E-03,+1.6938442E+00
+182.5000E-03,+1.7340452E+00
+183.0000E-03,-517.2111E-03
+183.5000E-03,-1.8438442E+00
+184.0000E-03,-77.2441E-03
+184.5000E-03,+1.7340452E+00
+185.0000E-03,+1.6938442E+00
+185.5000E-03,-1.3387731E+00
+186.0000E-03,-1.8428866E+00
+186.5000E-03,+1.0788708E+00
+187.0000E-03,+1.6536432E+00
+187.5000E-03,+1.1510875E+00
+188.0000E-03,-1.8036432E+00
+188.5000E-03,-1.6992381E+00
+189.0000E-03,+1.7340452E+00
+189.5000E-03,+1.7026008E+00
+190.0000E-03,+124.3898E-03
+190.5000E-03,-1.8558313E+00
+191.0000E-03,-633.2971E-03
+191.5000E-03,+1.6938442E+00
+192.0000E-03,+1.6938442E+00
+192.5000E-03,-838.8191E-03
+193.0000E-03,-1.8603998E+00
+193.5000E-03,+268.2580E-03
+194.0000E-03,+1.7382334E+00
+194.5000E-03,+1.6792842E+00
+195.0000E-03,-1.7079721E+00
+195.5000E-03,-1.8036432E+00
+196.0000E-03,+1.6189168E+00
+196.5000E-03,+1.6938442E+00
+197.0000E-03,+340.9927E-03
+197.5000E-03,-1.8438442E+00
+198.0000E-03,-744.8949E-03
+198.5000E-03,+1.6938442E+00
+199.0000E-03,+1.7192366E+00
+199.5000E-03,-914.5724E-03
+200.0000E-03,-1.8759977E+00
+200.5000E-03,+616.7498E-03
+201.0000E-03,+1.6938442E+00
+201.5000E-03,+1.4155508E+00
+202.0000E-03,-1.7634422E+00
+202.5000E-03,-1.7232412E+00
+203.0000E-03,+1.6837209E+00
+203.5000E-03,+1.6938442E+00
+204.0000E-03,+56.2234E-03
+204.5000E-03,-1.8228519E+00
+205.0000E-03,-431.9554E-03
+205.5000E-03,+1.6938442E+00
+206.0000E-03,+1.7057511E+00
+206.5000E-03,-1.2006281E+00
+207.0000E-03,-1.8513946E+00
+207.5000E-03,+1.0188916E+00
+208.0000E-03,+1.7070375E+00
+208.5000E-03,+1.1171713E+00
+209.0000E-03,-1.8036432E+00
+209.5000E-03,-1.4377262E+00
+210.0000E-03,+1.7083240E+00
+210.5000E-03,+1.6938442E+00
+211.0000E-03,-225.8491E-03
+211.5000E-03,-1.8786508E+00
+212.0000E-03,-179.8368E-03
+212.5000E-03,+1.6375926E+00
+213.0000E-03,+1.7303542E+00
+213.5000E-03,-1.5355978E+00
+214.0000E-03,-1.8267915E+00
+214.5000E-03,+1.5074873E+00
+215.0000E-03,+1.7316406E+00
+215.5000E-03,+335.3419E-03
+216.0000E-03,-1.8438442E+00
+216.5000E-03,-580.3920E-03
+217.0000E-03,+1.7318090E+00
+217.5000E-03,+1.7247915E+00
+218.0000E-03,-1.1987285E+00
+218.5000E-03,-1.8438442E+00
+219.0000E-03,+1.1719045E+00
+219.5000E-03,+1.6938442E+00
+220.0000E-03,+828.7110E-03
+220.5000E-03,-1.8125603E+00
+221.0000E-03,-1.0340050E+00
+221.5000E-03,+1.7340452E+00
+222.0000E-03,+1.6938442E+00
+222.5000E-03,-823.5578E-03
+223.0000E-03,-1.8813040E+00
+223.5000E-03,+687.9574E-03
+224.0000E-03,+1.7105602E+00
+224.5000E-03,+1.2368088E+00
+225.0000E-03,-1.8036432E+00
+225.5000E-03,-1.5306404E+00
+226.0000E-03,+1.6784146E+00
+226.5000E-03,+1.7289875E+00
+227.0000E-03,-463.3798E-03
+227.5000E-03,-1.8438442E+00
+228.0000E-03,+163.9776E-03
+228.5000E-03,+1.6938442E+00
+229.0000E-03,+1.5600400E+00
+229.5000E-03,-1.8036432E+00
+230.0000E-03,-1.6540649E+00
+230.5000E-03,+1.7315604E+00
+231.0000E-03,+1.7340452E+00
+231.5000E-03,-550.0457E-03
+232.0000E-03,-1.8554144E+00
+232.5000E-03,+442.8196E-03
+233.0000E-03,+1.6938442E+00
+233.5000E-03,+1.3766772E+00
+234.0000E-03,-1.7933594E+00
+234.5000E-03,-1.3611679E+00
+235.0000E-03,+1.7235852E+00
+235.5000E-03,+1.6953068E+00
+236.0000E-03,-691.2241E-03
+236.5000E-03,-1.8826707E+00
+237.0000E-03,+816.2067E-03
+237.5000E-03,+1.6757615E+00
+238.0000E-03,+1.0644032E+00
+238.5000E-03,-1.8840452E+00
+239.0000E-03,-1.1886977E+00
+239.5000E-03,+1.7106405E+00
+240.0000E-03,+1.6938442E+00
+240.5000E-03,-923.1685E-03
+241.0000E-03,-1.8036432E+00
+241.5000E-03,+948.3878E-03
+242.0000E-03,+1.7237693E+00
+242.5000E-03,+909.0895E-03
+243.0000E-03,-1.8282384E+00
+243.5000E-03,-976.1146E-03
+244.0000E-03,+1.7340452E+00
+244.5000E-03,+1.7003646E+00
+245.0000E-03,-1.0567163E+00
+245.5000E-03,-1.8309073E+00
+246.0000E-03,+1.1335952E+00
+246.5000E-03,+1.7262384E+00
+247.0000E-03,+696.5064E-03
+247.5000E-03,-1.8438442E+00
+248.0000E-03,-762.2529E-03
+248.5000E-03,+1.7249519E+00
+249.0000E-03,+1.7133093E+00
+249.5000E-03,-1.3912691E+00
+250.0000E-03,-1.8438442E+00
+250.5000E-03,+1.5836209E+00
+251.0000E-03,+1.7132936E+00
+251.5000E-03,-7.5663E-03
+252.0000E-03,-1.8049375E+00
+252.5000E-03,+52.0667E-03
+253.0000E-03,+1.6756812E+00
+253.5000E-03,+1.5240036E+00
+254.0000E-03,-1.7660230E+00
+254.5000E-03,-1.3627753E+00
+255.0000E-03,+1.6938442E+00
+255.5000E-03,+1.7275405E+00
+256.0000E-03,-926.9555E-03
+256.5000E-03,-1.8178823E+00
+257.0000E-03,+1.0998500E+00
+257.5000E-03,+1.7638098E+00
+258.0000E-03,+622.8498E-03
+258.5000E-03,-1.8191687E+00
+259.0000E-03,-519.9209E-03
+259.5000E-03,+1.7301135E+00
+260.0000E-03,+1.7002843E+00
+260.5000E-03,-1.5726721E+00
+261.0000E-03,-1.8438442E+00
+261.5000E-03,+1.6536432E+00
+262.0000E-03,+1.7263186E+00
+262.5000E-03,-213.7015E-03
+263.0000E-03,-1.8723145E+00
+263.5000E-03,+243.8904E-03
+264.0000E-03,+1.7028572E+00
+264.5000E-03,+1.3126503E+00
+265.0000E-03,-1.8334000E+00
+265.5000E-03,-1.1607891E+00
+266.0000E-03,+1.7041437E+00
+266.5000E-03,+1.7145155E+00
+267.0000E-03,-1.1604271E+00
+267.5000E-03,-1.8450583E+00
+268.0000E-03,+1.5964130E+00
+268.5000E-03,+1.6938442E+00
+269.0000E-03,-67.1287E-03
+269.5000E-03,-1.8815447E+00
+270.0000E-03,+310.9699E-03
+270.5000E-03,+1.7108010E+00
+271.0000E-03,+1.2048473E+00
+271.5000E-03,-1.7672292E+00
+272.0000E-03,-876.7446E-03
+272.5000E-03,+1.7340452E+00
+273.0000E-03,+1.6938442E+00
+273.5000E-03,-1.5273096E+00
+274.0000E-03,-1.8190885E+00
+274.5000E-03,+1.6938442E+00
+275.0000E-03,+1.6938442E+00
+275.5000E-03,-502.4496E-03
+276.0000E-03,-1.8438442E+00
+276.5000E-03,+783.2273E-03
+277.0000E-03,+1.6938442E+00
+277.5000E-03,+771.1904E-03
+278.0000E-03,-1.8660270E+00
+278.5000E-03,-604.6558E-03
+279.0000E-03,+1.6938442E+00
+279.5000E-03,+1.6536432E+00
+280.0000E-03,-1.7023448E+00
+280.5000E-03,-1.8141677E+00
+281.0000E-03,+1.7338926E+00
+281.5000E-03,+1.7142827E+00
+282.0000E-03,-880.9825E-03
+282.5000E-03,-1.8128812E+00
+283.0000E-03,+1.1746326E+00
+283.5000E-03,+1.6651489E+00
+284.0000E-03,+444.0590E-03
+284.5000E-03,-1.8115948E+00
+285.0000E-03,-223.7026E-03
+285.5000E-03,+1.7212531E+00
+286.0000E-03,+1.6706802E+00
+286.5000E-03,-1.8036432E+00
+287.0000E-03,-1.4270072E+00
+287.5000E-03,+1.6938442E+00
+288.0000E-03,+1.7253453E+00
+288.5000E-03,-1.3050951E+00
+289.0000E-03,-1.8438442E+00
+289.5000E-03,+1.6536432E+00
+290.0000E-03,+1.6536432E+00
+290.5000E-03,-452.4567E-03
+291.0000E-03,-1.8840452E+00
+291.5000E-03,+963.3281E-03
+292.0000E-03,+1.6806666E+00
+292.5000E-03,+421.4409E-03
+293.0000E-03,-1.8764791E+00
+293.5000E-03,-61.3871E-03
+294.0000E-03,+1.6938442E+00
+294.5000E-03,+1.3396318E+00
+295.0000E-03,-1.8124957E+00
+295.5000E-03,-1.0013753E+00
+296.0000E-03,+1.6938442E+00
+296.5000E-03,+1.6938442E+00
+297.0000E-03,-1.5627922E+00
+297.5000E-03,-1.8036432E+00
+298.0000E-03,+1.7340452E+00
+298.5000E-03,+1.7340452E+00
+299.0000E-03,-901.8710E-03
+299.5000E-03,-1.8404506E+00
+300.0000E-03,+1.4365745E+00
+300.5000E-03,+1.7317052E+00
+301.0000E-03,-87.7119E-03
+301.5000E-03,-1.8267270E+00
+302.0000E-03,+380.4306E-03
+302.5000E-03,+1.6902177E+00
+303.0000E-03,+835.6247E-03
+303.5000E-03,-1.8596750E+00
+304.0000E-03,-504.3046E-03
+304.5000E-03,+1.6889313E+00
+305.0000E-03,+1.6938442E+00
+305.5000E-03,-1.7890989E+00
+306.0000E-03,-1.4141506E+00
+306.5000E-03,+1.7000436E+00
+307.0000E-03,+1.7104155E+00
+307.5000E-03,-1.5089783E+00
+308.0000E-03,-1.8409582E+00
+308.5000E-03,+1.6938442E+00
+309.0000E-03,+1.7161875E+00
+309.5000E-03,-1.0441108E+00
+310.0000E-03,-1.8438442E+00
+310.5000E-03,+1.5907858E+00
+311.0000E-03,+1.6938442E+00
+311.5000E-03,-466.3251E-03
+312.0000E-03,-1.8039563E+00
+312.5000E-03,+1.1712652E+00
+313.0000E-03,+1.6938442E+00
+313.5000E-03,+33.5976E-03
+314.0000E-03,-1.8438442E+00
+314.5000E-03,+464.1381E-03
+315.0000E-03,+1.6938442E+00
+315.5000E-03,+672.9543E-03
+316.0000E-03,-1.8415844E+00
+316.5000E-03,-52.0427E-03
+317.0000E-03,+1.7110417E+00
+317.5000E-03,+1.1788094E+00
+318.0000E-03,-1.8107357E+00
+318.5000E-03,-636.2607E-03
+319.0000E-03,+1.6938442E+00
+319.5000E-03,+1.6993834E+00
+320.0000E-03,-1.8036432E+00
+320.5000E-03,-1.1702190E+00
+321.0000E-03,+1.7596216E+00
+321.5000E-03,+1.6938442E+00
+322.0000E-03,-1.5746755E+00
+322.5000E-03,-1.7706612E+00
+323.0000E-03,+1.6669813E+00
+323.5000E-03,+1.6968105E+00
+324.0000E-03,-1.2556404E+00
+324.5000E-03,-1.8260667E+00
+325.0000E-03,+1.6697409E+00
+325.5000E-03,+1.6938442E+00
+326.0000E-03,-721.4754E-03
+326.5000E-03,-1.8629081E+00
+327.0000E-03,+1.3478459E+00
+327.5000E-03,+1.6544299E+00
+328.0000E-03,-215.5601E-03
+328.5000E-03,-1.8234938E+00
+329.0000E-03,+721.8273E-03
+329.5000E-03,+1.7724600E+00
+330.0000E-03,+224.0781E-03
+330.5000E-03,-1.8438442E+00
+331.0000E-03,+471.4295E-03
+331.5000E-03,+1.6558228E+00
+332.0000E-03,+447.6131E-03
+332.5000E-03,-1.8611219E+00
+333.0000E-03,+239.7022E-03
+333.5000E-03,+1.6938442E+00
+334.0000E-03,+713.8696E-03
+334.5000E-03,-1.8438442E+00
+335.0000E-03,-46.0378E-03
+335.5000E-03,+1.7292927E+00
+336.0000E-03,+934.8055E-03
+336.5000E-03,-1.8438442E+00
+337.0000E-03,-276.0050E-03
+337.5000E-03,+1.7280063E+00
+338.0000E-03,+1.1531685E+00
+338.5000E-03,-1.8572085E+00
+339.0000E-03,-563.5050E-03
+339.5000E-03,+1.7340452E+00
+340.0000E-03,+1.3914623E+00
+340.5000E-03,-1.8157751E+00
+341.0000E-03,-721.7362E-03
+341.5000E-03,+1.7024560E+00
+342.0000E-03,+1.6156758E+00
+342.5000E-03,-1.7851331E+00
+343.0000E-03,-840.2399E-03
+343.5000E-03,+1.6938442E+00
+344.0000E-03,+1.6735741E+00
+344.5000E-03,-1.8036432E+00
+345.0000E-03,-999.6231E-03
+345.5000E-03,+1.7116757E+00
+346.0000E-03,+1.7124886E+00
+346.5000E-03,-1.7634422E+00
+347.0000E-03,-1.3530349E+00
+347.5000E-03,+1.7215740E+00
+348.0000E-03,+1.7166872E+00
+348.5000E-03,-1.6830402E+00
+349.0000E-03,-1.5958666E+00
+349.5000E-03,+1.7202876E+00
+350.0000E-03,+1.7501167E+00
+350.5000E-03,-1.5855393E+00
+351.0000E-03,-1.7447533E+00
+351.5000E-03,+1.6938442E+00
+352.0000E-03,+1.7086292E+00
+352.5000E-03,-1.5982250E+00
+353.0000E-03,-1.6592055E+00
+353.5000E-03,+1.6938442E+00
+354.0000E-03,+1.7070480E+00
+354.5000E-03,-1.6830402E+00
+355.0000E-03,-1.6211038E+00
+355.5000E-03,+1.7164282E+00
+356.0000E-03,+1.6938442E+00
+356.5000E-03,-1.7214009E+00
+357.0000E-03,-1.4162394E+00
+357.5000E-03,+1.7151418E+00
+358.0000E-03,+1.7047699E+00
+358.5000E-03,-1.7237950E+00
+359.0000E-03,-1.2006281E+00
+359.5000E-03,+1.6938442E+00
+360.0000E-03,+1.6938442E+00
+360.5000E-03,-1.8029106E+00
+361.0000E-03,-988.5186E-03
+361.5000E-03,+1.7153206E+00
+362.0000E-03,+1.6703488E+00
+362.5000E-03,-1.8418251E+00
+363.0000E-03,-965.4785E-03
+363.5000E-03,+1.6710814E+00
+364.0000E-03,+1.6677759E+00
+364.5000E-03,-1.8069487E+00
+365.0000E-03,-771.2633E-03
+365.5000E-03,+1.6457457E+00
+366.0000E-03,+1.5963607E+00
+366.5000E-03,-1.8794532E+00
+367.0000E-03,-658.3607E-03
+367.5000E-03,+1.7191799E+00
+368.0000E-03,+1.4304109E+00
+368.5000E-03,-1.8781668E+00
+369.0000E-03,-524.9115E-03
+369.5000E-03,+1.7068875E+00
+370.0000E-03,+1.2306740E+00
+370.5000E-03,-1.8510091E+00
+371.0000E-03,-361.5345E-03
+371.5000E-03,+1.7217528E+00
+372.0000E-03,+1.1769927E+00
+372.5000E-03,-1.8522955E+00
+373.0000E-03,-262.2910E-03
+373.5000E-03,+1.6938442E+00
+374.0000E-03,+1.0518963E+00
+374.5000E-03,-1.8341064E+00
+375.0000E-03,-155.4020E-03
+375.5000E-03,+1.7243257E+00
+376.0000E-03,+725.7582E-03
+376.5000E-03,-1.8438442E+00
+377.0000E-03,+356.1798E-03
+377.5000E-03,+1.6938442E+00
+378.0000E-03,+194.7740E-03
+378.5000E-03,-1.8315335E+00
+379.0000E-03,+1.0331097E+00
+379.5000E-03,+1.7340452E+00
+380.0000E-03,-372.5335E-03
+380.5000E-03,-1.8574414E+00
+381.0000E-03,+1.4766072E+00
+381.5000E-03,+1.6938442E+00
+382.0000E-03,-852.3543E-03
+382.5000E-03,-1.8438442E+00
+383.0000E-03,+1.6788987E+00
+383.5000E-03,+1.6938442E+00
+384.0000E-03,-1.3042229E+00
+384.5000E-03,-1.7874731E+00
+385.0000E-03,+1.7203861E+00
+385.5000E-03,+1.6971314E+00
+386.0000E-03,-1.5907758E+00
+386.5000E-03,-1.5206436E+00
+387.0000E-03,+1.7340452E+00
+387.5000E-03,+1.7340452E+00
+388.0000E-03,-1.7316123E+00
+388.5000E-03,-924.6512E-03
+389.0000E-03,+1.6938442E+00
+389.5000E-03,+1.5344688E+00
+390.0000E-03,-1.8229583E+00
+390.5000E-03,-356.6914E-03
+391.0000E-03,+1.5820388E+00
+391.5000E-03,+1.0087107E+00
+392.0000E-03,-1.8438442E+00
+392.5000E-03,+90.6655E-03
+393.0000E-03,+1.6938442E+00
+393.5000E-03,+518.7221E-03
+394.0000E-03,-1.8438442E+00
+394.5000E-03,+729.0201E-03
+395.0000E-03,+1.7340452E+00
+395.5000E-03,-84.4352E-03
+396.0000E-03,-1.8306770E+00
+396.5000E-03,+1.2265853E+00
+397.0000E-03,+1.7340452E+00
+397.5000E-03,-566.2751E-03
+398.0000E-03,-1.8438442E+00
+398.5000E-03,+1.6536432E+00
+399.0000E-03,+1.6938442E+00
+399.5000E-03,-1.1890169E+00
+400.0000E-03,-1.8036432E+00
+400.5000E-03,+1.7203059E+00
+401.0000E-03,+1.6603781E+00
+401.5000E-03,-1.7704466E+00
+402.0000E-03,-999.6231E-03
+402.5000E-03,+1.7062971E+00
+403.0000E-03,+1.5351212E+00
+403.5000E-03,-1.8438442E+00
+404.0000E-03,-80.7511E-03
+404.5000E-03,+1.7050106E+00
+405.0000E-03,+489.4032E-03
+405.5000E-03,-1.8534215E+00
+406.0000E-03,+869.5723E-03
+406.5000E-03,+1.6938442E+00
+407.0000E-03,-438.2848E-03
+407.5000E-03,-1.8438442E+00
+408.0000E-03,+1.6559135E+00
+408.5000E-03,+1.7254517E+00
+409.0000E-03,-1.2845869E+00
+409.5000E-03,-1.8195438E+00
+410.0000E-03,+1.6938442E+00
+410.5000E-03,+1.7267382E+00
+411.0000E-03,-1.7665070E+00
+411.5000E-03,-959.3131E-03
+412.0000E-03,+1.7176527E+00
+412.5000E-03,+1.4023392E+00
+413.0000E-03,-1.8796939E+00
+413.5000E-03,-111.2326E-03
+414.0000E-03,+1.7189392E+00
+414.5000E-03,+355.4149E-03
+415.0000E-03,-1.8784075E+00
+415.5000E-03,+889.8241E-03
+416.0000E-03,+1.6800246E+00
+416.5000E-03,-349.5117E-03
+417.0000E-03,-1.8701969E+00
+417.5000E-03,+1.6078333E+00
+418.0000E-03,+1.6938442E+00
+418.5000E-03,-1.2788689E+00
+419.0000E-03,-1.7954326E+00
+419.5000E-03,+1.7340452E+00
+420.0000E-03,+1.6938442E+00
+420.5000E-03,-1.7625674E+00
+421.0000E-03,-980.6290E-03
+421.5000E-03,+1.7340452E+00
+422.0000E-03,+1.4423178E+00
+422.5000E-03,-1.8438442E+00
+423.0000E-03,-130.9018E-03
+423.5000E-03,+1.6938442E+00
+424.0000E-03,+410.5798E-03
+424.5000E-03,-1.8823471E+00
+425.0000E-03,+950.1740E-03
+425.5000E-03,+1.6985269E+00
+426.0000E-03,-696.0542E-03
+426.5000E-03,-1.8378751E+00
+427.0000E-03,+1.7072006E+00
+427.5000E-03,+1.7175725E+00
+428.0000E-03,-1.7110395E+00
+428.5000E-03,-1.0757541E+00
+429.0000E-03,+1.7340452E+00
+429.5000E-03,+1.3624077E+00
+430.0000E-03,-1.8792308E+00
+430.5000E-03,+137.1200E-03
+431.0000E-03,+1.6779149E+00
+431.5000E-03,-17.9024E-03
+432.0000E-03,-1.8438442E+00
+432.5000E-03,+1.5398841E+00
+433.0000E-03,+1.6938442E+00
+433.5000E-03,-1.2558035E+00
+434.0000E-03,-1.7679252E+00
+434.5000E-03,+1.7259148E+00
+435.0000E-03,+1.6970407E+00
+435.5000E-03,-1.7747691E+00
+436.0000E-03,-519.1211E-03
+436.5000E-03,+1.7340452E+00
+437.0000E-03,+729.0201E-03
+437.5000E-03,-1.8538846E+00
+438.0000E-03,+931.3508E-03
+438.5000E-03,+1.7045475E+00
+439.0000E-03,-622.5868E-03
+439.5000E-03,-1.8438442E+00
+440.0000E-03,+1.6568790E+00
+440.5000E-03,+1.6938442E+00
+441.0000E-03,-1.6652008E+00
+441.5000E-03,-1.1724988E+00
+442.0000E-03,+1.6880355E+00
+442.5000E-03,+1.3593324E+00
+443.0000E-03,-1.8438442E+00
+443.5000E-03,+141.4817E-03
+444.0000E-03,+1.6896534E+00
+444.5000E-03,+12.9908E-03
+445.0000E-03,-1.8687787E+00
+445.5000E-03,+1.4781553E+00
+446.0000E-03,+1.6993214E+00
+446.5000E-03,-1.2725273E+00
+447.0000E-03,-1.8036432E+00
+447.5000E-03,+1.6938442E+00
+448.0000E-03,+1.7272815E+00
+448.5000E-03,-1.7865076E+00
+449.0000E-03,-529.9046E-03
+449.5000E-03,+1.6938442E+00
+450.0000E-03,+656.6185E-03
+450.5000E-03,-1.8438442E+00
+451.0000E-03,+861.5823E-03
+451.5000E-03,+1.7340452E+00
+452.0000E-03,-845.3011E-03
+452.5000E-03,-1.8233517E+00
+453.0000E-03,+1.7340452E+00
+453.5000E-03,+1.7337940E+00
+454.0000E-03,-1.7846883E+00
+454.5000E-03,-496.2161E-03
+455.0000E-03,+1.7026784E+00
+455.5000E-03,+438.3872E-03
+456.0000E-03,-1.8840452E+00
+456.5000E-03,+1.3630400E+00
+457.0000E-03,+1.7340452E+00
+457.5000E-03,-1.3268793E+00
+458.0000E-03,-1.7640553E+00
+458.5000E-03,+1.7174120E+00
+459.0000E-03,+1.6259648E+00
+459.5000E-03,-1.8840452E+00
+460.0000E-03,+37.6131E-03
+460.5000E-03,+1.6938442E+00
+461.0000E-03,-140.4774E-03
+461.5000E-03,-1.8384472E+00
+462.0000E-03,+1.6449799E+00
+462.5000E-03,+1.6938442E+00
+463.0000E-03,-1.5550604E+00
+463.5000E-03,-1.2476129E+00
+464.0000E-03,+1.6938442E+00
+464.5000E-03,+1.1821254E+00
+465.0000E-03,-1.8438442E+00
+465.5000E-03,+688.8191E-03
+466.0000E-03,+1.7157034E+00
+466.5000E-03,-620.5782E-03
+467.0000E-03,-1.8058742E+00
+467.5000E-03,+1.6568188E+00
+468.0000E-03,+1.6938442E+00
+468.5000E-03,-1.7634422E+00
+469.0000E-03,-717.7032E-03
+469.5000E-03,+1.6938442E+00
+470.0000E-03,+603.5320E-03
+470.5000E-03,-1.8438442E+00
+471.0000E-03,+1.1726885E+00
+471.5000E-03,+1.7742462E+00
+472.0000E-03,-1.0842264E+00
+472.5000E-03,-1.8036432E+00
+473.0000E-03,+1.6965881E+00
+473.5000E-03,+1.6938442E+00
+474.0000E-03,-1.8438442E+00
+474.5000E-03,-113.0493E-03
+475.0000E-03,+1.6576735E+00
+475.5000E-03,+94.1952E-03
+476.0000E-03,-1.8438442E+00
+476.5000E-03,+1.6033320E+00
+477.0000E-03,+1.6938442E+00
+477.5000E-03,-1.5291010E+00
+478.0000E-03,-1.3919337E+00
+478.5000E-03,+1.6938442E+00
+479.0000E-03,+1.1712311E+00
+479.5000E-03,-1.8438442E+00
+480.0000E-03,+864.1160E-03
+480.5000E-03,+1.6561254E+00
+481.0000E-03,-1.0154024E+00
+481.5000E-03,-1.7853817E+00
+482.0000E-03,+1.6767784E+00
+482.5000E-03,+1.7328495E+00
+483.0000E-03,-1.8438442E+00
+483.5000E-03,+285.7040E-03
+484.0000E-03,+1.7340452E+00
+484.5000E-03,-637.9955E-03
+485.0000E-03,-1.8438442E+00
+485.5000E-03,+1.7146786E+00
+486.0000E-03,+1.6938442E+00
+486.5000E-03,-1.8438442E+00
+487.0000E-03,-274.1639E-03
+487.5000E-03,+1.6938442E+00
+488.0000E-03,-124.5690E-03
+488.5000E-03,-1.8840452E+00
+489.0000E-03,+1.6938442E+00
+489.5000E-03,+1.7340452E+00
+490.0000E-03,-1.7972214E+00
+490.5000E-03,-589.7129E-03
+491.0000E-03,+1.7197233E+00
+491.5000E-03,+382.7183E-03
+492.0000E-03,-1.8139139E+00
+492.5000E-03,+1.5190218E+00
+493.0000E-03,+1.7028284E+00
+493.5000E-03,-1.6403779E+00
+494.0000E-03,-1.0954207E+00
+494.5000E-03,+1.6666891E+00
+495.0000E-03,+822.2448E-03
+495.5000E-03,-1.8711109E+00
+496.0000E-03,+1.1712311E+00
+496.5000E-03,+1.6938442E+00
+497.0000E-03,-1.3030499E+00
+497.5000E-03,-1.6492296E+00
+498.0000E-03,+1.6951202E+00
+498.5000E-03,+1.2736424E+00
+499.0000E-03,-1.8840452E+00
+499.5000E-03,+778.3379E-03
